timestamp,branch,transaction_type,txn_count,fraud_alerts,blocked_txns,fraud_loss,risk_level
2025-08-15 00:00:00+00:00,SG-MAIN,TRANSFER,39,2,1,278.22,Low
2025-08-15 00:00:00+00:00,SG-MAIN,PAYMENT,54,0,0,0.0,Low
2025-08-15 00:00:00+00:00,SG-MAIN,WITHDRAWAL,26,1,0,864.94,Low
2025-08-15 00:00:00+00:00,SG-TAMP,TRANSFER,26,0,0,0.0,Low
2025-08-15 00:00:00+00:00,SG-TAMP,PAYMENT,50,1,1,0.0,Low
2025-08-15 00:00:00+00:00,SG-TAMP,WITHDRAWAL,30,0,0,0.0,Low
2025-08-15 00:00:00+00:00,SG-ORCHARD,TRANSFER,19,1,0,1745.42,Low
2025-08-15 00:00:00+00:00,SG-ORCHARD,PAYMENT,43,0,0,0.0,Low
2025-08-15 00:00:00+00:00,SG-ORCHARD,WITHDRAWAL,22,0,0,0.0,Low
2025-08-15 00:00:00+00:00,SG-JURONG,TRANSFER,24,0,0,0.0,Low
2025-08-15 00:00:00+00:00,SG-JURONG,PAYMENT,48,0,0,0.0,Low
2025-08-15 00:00:00+00:00,SG-JURONG,WITHDRAWAL,29,0,0,0.0,Low
2025-08-15 00:00:00+00:00,SG-WOODLANDS,TRANSFER,24,0,0,0.0,Low
2025-08-15 00:00:00+00:00,SG-WOODLANDS,PAYMENT,33,1,1,0.0,Low
2025-08-15 00:00:00+00:00,SG-WOODLANDS,WITHDRAWAL,26,0,0,0.0,Low
2025-08-15 00:10:00+00:00,SG-MAIN,TRANSFER,35,0,0,0.0,Low
2025-08-15 00:10:00+00:00,SG-MAIN,PAYMENT,51,0,0,0.0,Low
2025-08-15 00:10:00+00:00,SG-MAIN,WITHDRAWAL,32,0,0,0.0,Low
2025-08-15 00:10:00+00:00,SG-TAMP,TRANSFER,31,0,0,0.0,Low
2025-08-15 00:10:00+00:00,SG-TAMP,PAYMENT,42,0,0,0.0,Low
2025-08-15 00:10:00+00:00,SG-TAMP,WITHDRAWAL,31,0,0,0.0,Low
2025-08-15 00:10:00+00:00,SG-ORCHARD,TRANSFER,29,1,1,0.0,Low
2025-08-15 00:10:00+00:00,SG-ORCHARD,PAYMENT,53,0,0,0.0,Low
2025-08-15 00:10:00+00:00,SG-ORCHARD,WITHDRAWAL,32,0,0,0.0,Low
2025-08-15 00:10:00+00:00,SG-JURONG,TRANSFER,20,0,0,0.0,Low
2025-08-15 00:10:00+00:00,SG-JURONG,PAYMENT,34,0,0,0.0,Low
2025-08-15 00:10:00+00:00,SG-JURONG,WITHDRAWAL,27,0,0,0.0,Low
2025-08-15 00:10:00+00:00,SG-WOODLANDS,TRANSFER,24,0,0,0.0,Low
2025-08-15 00:10:00+00:00,SG-WOODLANDS,PAYMENT,28,1,0,1295.51,Low
2025-08-15 00:10:00+00:00,SG-WOODLANDS,WITHDRAWAL,27,0,0,0.0,Low
2025-08-15 00:20:00+00:00,SG-MAIN,TRANSFER,29,2,2,0.0,Low
2025-08-15 00:20:00+00:00,SG-MAIN,PAYMENT,41,0,0,0.0,Low
2025-08-15 00:20:00+00:00,SG-MAIN,WITHDRAWAL,22,1,1,0.0,Low
2025-08-15 00:20:00+00:00,SG-TAMP,TRANSFER,29,1,1,0.0,Low
2025-08-15 00:20:00+00:00,SG-TAMP,PAYMENT,32,0,0,0.0,Low
2025-08-15 00:20:00+00:00,SG-TAMP,WITHDRAWAL,25,0,0,0.0,Low
2025-08-15 00:20:00+00:00,SG-ORCHARD,TRANSFER,24,0,0,0.0,Low
2025-08-15 00:20:00+00:00,SG-ORCHARD,PAYMENT,59,0,0,0.0,Low
2025-08-15 00:20:00+00:00,SG-ORCHARD,WITHDRAWAL,28,2,2,0.0,Low
2025-08-15 00:20:00+00:00,SG-JURONG,TRANSFER,34,1,1,0.0,Low
2025-08-15 00:20:00+00:00,SG-JURONG,PAYMENT,54,0,0,0.0,Low
2025-08-15 00:20:00+00:00,SG-JURONG,WITHDRAWAL,20,0,0,0.0,Low
2025-08-15 00:20:00+00:00,SG-WOODLANDS,TRANSFER,26,1,0,355.62,Low
2025-08-15 00:20:00+00:00,SG-WOODLANDS,PAYMENT,40,0,0,0.0,Low
2025-08-15 00:20:00+00:00,SG-WOODLANDS,WITHDRAWAL,19,0,0,0.0,Low
2025-08-15 00:30:00+00:00,SG-MAIN,TRANSFER,38,3,3,0.0,Medium
2025-08-15 00:30:00+00:00,SG-MAIN,PAYMENT,45,1,1,0.0,Low
2025-08-15 00:30:00+00:00,SG-MAIN,WITHDRAWAL,40,1,1,0.0,Low
2025-08-15 00:30:00+00:00,SG-TAMP,TRANSFER,41,0,0,0.0,Low
2025-08-15 00:30:00+00:00,SG-TAMP,PAYMENT,53,1,0,991.68,Low
2025-08-15 00:30:00+00:00,SG-TAMP,WITHDRAWAL,22,0,0,0.0,Low
2025-08-15 00:30:00+00:00,SG-ORCHARD,TRANSFER,31,2,2,0.0,Low
2025-08-15 00:30:00+00:00,SG-ORCHARD,PAYMENT,60,0,0,0.0,Low
2025-08-15 00:30:00+00:00,SG-ORCHARD,WITHDRAWAL,33,0,0,0.0,Low
2025-08-15 00:30:00+00:00,SG-JURONG,TRANSFER,31,0,0,0.0,Low
2025-08-15 00:30:00+00:00,SG-JURONG,PAYMENT,37,2,2,0.0,Low
2025-08-15 00:30:00+00:00,SG-JURONG,WITHDRAWAL,18,0,0,0.0,Low
2025-08-15 00:30:00+00:00,SG-WOODLANDS,TRANSFER,21,0,0,0.0,Low
2025-08-15 00:30:00+00:00,SG-WOODLANDS,PAYMENT,39,0,0,0.0,Low
2025-08-15 00:30:00+00:00,SG-WOODLANDS,WITHDRAWAL,18,0,0,0.0,Low
2025-08-15 00:40:00+00:00,SG-MAIN,TRANSFER,38,0,0,0.0,Low
2025-08-15 00:40:00+00:00,SG-MAIN,PAYMENT,60,0,0,0.0,Low
2025-08-15 00:40:00+00:00,SG-MAIN,WITHDRAWAL,27,2,2,0.0,Low
2025-08-15 00:40:00+00:00,SG-TAMP,TRANSFER,40,1,1,0.0,Low
2025-08-15 00:40:00+00:00,SG-TAMP,PAYMENT,33,0,0,0.0,Low
2025-08-15 00:40:00+00:00,SG-TAMP,WITHDRAWAL,25,0,0,0.0,Low
2025-08-15 00:40:00+00:00,SG-ORCHARD,TRANSFER,25,1,1,0.0,Low
2025-08-15 00:40:00+00:00,SG-ORCHARD,PAYMENT,47,1,1,0.0,Low
2025-08-15 00:40:00+00:00,SG-ORCHARD,WITHDRAWAL,26,0,0,0.0,Low
2025-08-15 00:40:00+00:00,SG-JURONG,TRANSFER,31,0,0,0.0,Low
2025-08-15 00:40:00+00:00,SG-JURONG,PAYMENT,36,0,0,0.0,Low
2025-08-15 00:40:00+00:00,SG-JURONG,WITHDRAWAL,29,0,0,0.0,Low
2025-08-15 00:40:00+00:00,SG-WOODLANDS,TRANSFER,29,1,1,0.0,Low
2025-08-15 00:40:00+00:00,SG-WOODLANDS,PAYMENT,32,0,0,0.0,Low
2025-08-15 00:40:00+00:00,SG-WOODLANDS,WITHDRAWAL,16,0,0,0.0,Low
2025-08-15 00:50:00+00:00,SG-MAIN,TRANSFER,27,1,1,0.0,Low
2025-08-15 00:50:00+00:00,SG-MAIN,PAYMENT,45,0,0,0.0,Low
2025-08-15 00:50:00+00:00,SG-MAIN,WITHDRAWAL,15,0,0,0.0,Low
2025-08-15 00:50:00+00:00,SG-TAMP,TRANSFER,26,0,0,0.0,Low
2025-08-15 00:50:00+00:00,SG-TAMP,PAYMENT,28,0,0,0.0,Low
2025-08-15 00:50:00+00:00,SG-TAMP,WITHDRAWAL,30,0,0,0.0,Low
2025-08-15 00:50:00+00:00,SG-ORCHARD,TRANSFER,38,1,1,0.0,Low
2025-08-15 00:50:00+00:00,SG-ORCHARD,PAYMENT,55,0,0,0.0,Low
2025-08-15 00:50:00+00:00,SG-ORCHARD,WITHDRAWAL,29,0,0,0.0,Low
2025-08-15 00:50:00+00:00,SG-JURONG,TRANSFER,29,0,0,0.0,Low
2025-08-15 00:50:00+00:00,SG-JURONG,PAYMENT,38,0,0,0.0,Low
2025-08-15 00:50:00+00:00,SG-JURONG,WITHDRAWAL,22,0,0,0.0,Low
2025-08-15 00:50:00+00:00,SG-WOODLANDS,TRANSFER,27,1,0,1216.35,Low
2025-08-15 00:50:00+00:00,SG-WOODLANDS,PAYMENT,45,0,0,0.0,Low
2025-08-15 00:50:00+00:00,SG-WOODLANDS,WITHDRAWAL,19,0,0,0.0,Low
2025-08-15 01:00:00+00:00,SG-MAIN,TRANSFER,37,0,0,0.0,Low
2025-08-15 01:00:00+00:00,SG-MAIN,PAYMENT,50,1,1,0.0,Low
2025-08-15 01:00:00+00:00,SG-MAIN,WITHDRAWAL,38,2,1,1117.39,Low
2025-08-15 01:00:00+00:00,SG-TAMP,TRANSFER,42,1,1,0.0,Low
2025-08-15 01:00:00+00:00,SG-TAMP,PAYMENT,45,0,0,0.0,Low
2025-08-15 01:00:00+00:00,SG-TAMP,WITHDRAWAL,26,0,0,0.0,Low
2025-08-15 01:00:00+00:00,SG-ORCHARD,TRANSFER,33,3,3,0.0,Medium
2025-08-15 01:00:00+00:00,SG-ORCHARD,PAYMENT,37,1,1,0.0,Low
2025-08-15 01:00:00+00:00,SG-ORCHARD,WITHDRAWAL,32,0,0,0.0,Low
2025-08-15 01:00:00+00:00,SG-JURONG,TRANSFER,37,0,0,0.0,Low
2025-08-15 01:00:00+00:00,SG-JURONG,PAYMENT,38,0,0,0.0,Low
2025-08-15 01:00:00+00:00,SG-JURONG,WITHDRAWAL,23,0,0,0.0,Low
2025-08-15 01:00:00+00:00,SG-WOODLANDS,TRANSFER,28,1,1,0.0,Low
2025-08-15 01:00:00+00:00,SG-WOODLANDS,PAYMENT,37,0,0,0.0,Low
2025-08-15 01:00:00+00:00,SG-WOODLANDS,WITHDRAWAL,33,1,1,0.0,Low
2025-08-15 01:10:00+00:00,SG-MAIN,TRANSFER,26,1,1,0.0,Low
2025-08-15 01:10:00+00:00,SG-MAIN,PAYMENT,47,0,0,0.0,Low
2025-08-15 01:10:00+00:00,SG-MAIN,WITHDRAWAL,27,0,0,0.0,Low
2025-08-15 01:10:00+00:00,SG-TAMP,TRANSFER,40,0,0,0.0,Low
2025-08-15 01:10:00+00:00,SG-TAMP,PAYMENT,39,0,0,0.0,Low
2025-08-15 01:10:00+00:00,SG-TAMP,WITHDRAWAL,27,1,1,0.0,Low
2025-08-15 01:10:00+00:00,SG-ORCHARD,TRANSFER,28,2,2,0.0,Low
2025-08-15 01:10:00+00:00,SG-ORCHARD,PAYMENT,58,0,0,0.0,Low
2025-08-15 01:10:00+00:00,SG-ORCHARD,WITHDRAWAL,29,0,0,0.0,Low
2025-08-15 01:10:00+00:00,SG-JURONG,TRANSFER,36,1,0,1417.14,Low
2025-08-15 01:10:00+00:00,SG-JURONG,PAYMENT,45,0,0,0.0,Low
2025-08-15 01:10:00+00:00,SG-JURONG,WITHDRAWAL,19,0,0,0.0,Low
2025-08-15 01:10:00+00:00,SG-WOODLANDS,TRANSFER,32,2,2,0.0,Low
2025-08-15 01:10:00+00:00,SG-WOODLANDS,PAYMENT,43,0,0,0.0,Low
2025-08-15 01:10:00+00:00,SG-WOODLANDS,WITHDRAWAL,24,0,0,0.0,Low
2025-08-15 01:20:00+00:00,SG-MAIN,TRANSFER,37,0,0,0.0,Low
2025-08-15 01:20:00+00:00,SG-MAIN,PAYMENT,47,1,1,0.0,Low
2025-08-15 01:20:00+00:00,SG-MAIN,WITHDRAWAL,24,1,1,0.0,Low
2025-08-15 01:20:00+00:00,SG-TAMP,TRANSFER,42,1,1,0.0,Low
2025-08-15 01:20:00+00:00,SG-TAMP,PAYMENT,43,0,0,0.0,Low
2025-08-15 01:20:00+00:00,SG-TAMP,WITHDRAWAL,22,0,0,0.0,Low
2025-08-15 01:20:00+00:00,SG-ORCHARD,TRANSFER,35,1,1,0.0,Low
2025-08-15 01:20:00+00:00,SG-ORCHARD,PAYMENT,41,0,0,0.0,Low
2025-08-15 01:20:00+00:00,SG-ORCHARD,WITHDRAWAL,27,0,0,0.0,Low
2025-08-15 01:20:00+00:00,SG-JURONG,TRANSFER,30,1,1,0.0,Low
2025-08-15 01:20:00+00:00,SG-JURONG,PAYMENT,37,0,0,0.0,Low
2025-08-15 01:20:00+00:00,SG-JURONG,WITHDRAWAL,23,0,0,0.0,Low
2025-08-15 01:20:00+00:00,SG-WOODLANDS,TRANSFER,28,2,1,966.1,Low
2025-08-15 01:20:00+00:00,SG-WOODLANDS,PAYMENT,39,0,0,0.0,Low
2025-08-15 01:20:00+00:00,SG-WOODLANDS,WITHDRAWAL,28,0,0,0.0,Low
2025-08-15 01:30:00+00:00,SG-MAIN,TRANSFER,21,0,0,0.0,Low
2025-08-15 01:30:00+00:00,SG-MAIN,PAYMENT,40,1,1,0.0,Low
2025-08-15 01:30:00+00:00,SG-MAIN,WITHDRAWAL,26,0,0,0.0,Low
2025-08-15 01:30:00+00:00,SG-TAMP,TRANSFER,23,2,0,2059.55,Low
2025-08-15 01:30:00+00:00,SG-TAMP,PAYMENT,47,0,0,0.0,Low
2025-08-15 01:30:00+00:00,SG-TAMP,WITHDRAWAL,27,0,0,0.0,Low
2025-08-15 01:30:00+00:00,SG-ORCHARD,TRANSFER,34,0,0,0.0,Low
2025-08-15 01:30:00+00:00,SG-ORCHARD,PAYMENT,48,3,3,0.0,Medium
2025-08-15 01:30:00+00:00,SG-ORCHARD,WITHDRAWAL,26,0,0,0.0,Low
2025-08-15 01:30:00+00:00,SG-JURONG,TRANSFER,33,0,0,0.0,Low
2025-08-15 01:30:00+00:00,SG-JURONG,PAYMENT,33,1,1,0.0,Low
2025-08-15 01:30:00+00:00,SG-JURONG,WITHDRAWAL,20,0,0,0.0,Low
2025-08-15 01:30:00+00:00,SG-WOODLANDS,TRANSFER,29,0,0,0.0,Low
2025-08-15 01:30:00+00:00,SG-WOODLANDS,PAYMENT,34,0,0,0.0,Low
2025-08-15 01:30:00+00:00,SG-WOODLANDS,WITHDRAWAL,25,1,1,0.0,Low
2025-08-15 01:40:00+00:00,SG-MAIN,TRANSFER,31,0,0,0.0,Low
2025-08-15 01:40:00+00:00,SG-MAIN,PAYMENT,56,1,0,968.05,Low
2025-08-15 01:40:00+00:00,SG-MAIN,WITHDRAWAL,36,1,1,0.0,Low
2025-08-15 01:40:00+00:00,SG-TAMP,TRANSFER,31,0,0,0.0,Low
2025-08-15 01:40:00+00:00,SG-TAMP,PAYMENT,41,0,0,0.0,Low
2025-08-15 01:40:00+00:00,SG-TAMP,WITHDRAWAL,20,0,0,0.0,Low
2025-08-15 01:40:00+00:00,SG-ORCHARD,TRANSFER,32,1,1,0.0,Low
2025-08-15 01:40:00+00:00,SG-ORCHARD,PAYMENT,42,1,0,1162.2,Low
2025-08-15 01:40:00+00:00,SG-ORCHARD,WITHDRAWAL,27,2,1,1738.19,Low
2025-08-15 01:40:00+00:00,SG-JURONG,TRANSFER,21,0,0,0.0,Low
2025-08-15 01:40:00+00:00,SG-JURONG,PAYMENT,42,2,0,1956.93,Low
2025-08-15 01:40:00+00:00,SG-JURONG,WITHDRAWAL,28,0,0,0.0,Low
2025-08-15 01:40:00+00:00,SG-WOODLANDS,TRANSFER,26,0,0,0.0,Low
2025-08-15 01:40:00+00:00,SG-WOODLANDS,PAYMENT,40,1,0,182.11,Low
2025-08-15 01:40:00+00:00,SG-WOODLANDS,WITHDRAWAL,21,0,0,0.0,Low
2025-08-15 01:50:00+00:00,SG-MAIN,TRANSFER,37,2,1,1362.24,Low
2025-08-15 01:50:00+00:00,SG-MAIN,PAYMENT,55,0,0,0.0,Low
2025-08-15 01:50:00+00:00,SG-MAIN,WITHDRAWAL,30,0,0,0.0,Low
2025-08-15 01:50:00+00:00,SG-TAMP,TRANSFER,31,0,0,0.0,Low
2025-08-15 01:50:00+00:00,SG-TAMP,PAYMENT,41,0,0,0.0,Low
2025-08-15 01:50:00+00:00,SG-TAMP,WITHDRAWAL,21,0,0,0.0,Low
2025-08-15 01:50:00+00:00,SG-ORCHARD,TRANSFER,40,1,1,0.0,Low
2025-08-15 01:50:00+00:00,SG-ORCHARD,PAYMENT,42,0,0,0.0,Low
2025-08-15 01:50:00+00:00,SG-ORCHARD,WITHDRAWAL,19,1,0,1797.89,Low
2025-08-15 01:50:00+00:00,SG-JURONG,TRANSFER,26,0,0,0.0,Low
2025-08-15 01:50:00+00:00,SG-JURONG,PAYMENT,45,0,0,0.0,Low
2025-08-15 01:50:00+00:00,SG-JURONG,WITHDRAWAL,32,0,0,0.0,Low
2025-08-15 01:50:00+00:00,SG-WOODLANDS,TRANSFER,26,0,0,0.0,Low
2025-08-15 01:50:00+00:00,SG-WOODLANDS,PAYMENT,42,0,0,0.0,Low
2025-08-15 01:50:00+00:00,SG-WOODLANDS,WITHDRAWAL,23,1,1,0.0,Low
2025-08-15 02:00:00+00:00,SG-MAIN,TRANSFER,31,1,0,1112.45,Low
2025-08-15 02:00:00+00:00,SG-MAIN,PAYMENT,51,0,0,0.0,Low
2025-08-15 02:00:00+00:00,SG-MAIN,WITHDRAWAL,25,3,3,0.0,Medium
2025-08-15 02:00:00+00:00,SG-TAMP,TRANSFER,32,1,1,0.0,Low
2025-08-15 02:00:00+00:00,SG-TAMP,PAYMENT,47,1,0,431.1,Low
2025-08-15 02:00:00+00:00,SG-TAMP,WITHDRAWAL,26,0,0,0.0,Low
2025-08-15 02:00:00+00:00,SG-ORCHARD,TRANSFER,47,1,1,0.0,Low
2025-08-15 02:00:00+00:00,SG-ORCHARD,PAYMENT,64,0,0,0.0,Low
2025-08-15 02:00:00+00:00,SG-ORCHARD,WITHDRAWAL,23,0,0,0.0,Low
2025-08-15 02:00:00+00:00,SG-JURONG,TRANSFER,30,0,0,0.0,Low
2025-08-15 02:00:00+00:00,SG-JURONG,PAYMENT,32,0,0,0.0,Low
2025-08-15 02:00:00+00:00,SG-JURONG,WITHDRAWAL,27,0,0,0.0,Low
2025-08-15 02:00:00+00:00,SG-WOODLANDS,TRANSFER,26,0,0,0.0,Low
2025-08-15 02:00:00+00:00,SG-WOODLANDS,PAYMENT,39,0,0,0.0,Low
2025-08-15 02:00:00+00:00,SG-WOODLANDS,WITHDRAWAL,19,0,0,0.0,Low
2025-08-15 02:10:00+00:00,SG-MAIN,TRANSFER,34,0,0,0.0,Low
2025-08-15 02:10:00+00:00,SG-MAIN,PAYMENT,44,0,0,0.0,Low
2025-08-15 02:10:00+00:00,SG-MAIN,WITHDRAWAL,27,1,1,0.0,Low
2025-08-15 02:10:00+00:00,SG-TAMP,TRANSFER,33,1,1,0.0,Low
2025-08-15 02:10:00+00:00,SG-TAMP,PAYMENT,52,1,1,0.0,Low
2025-08-15 02:10:00+00:00,SG-TAMP,WITHDRAWAL,20,1,1,0.0,Low
2025-08-15 02:10:00+00:00,SG-ORCHARD,TRANSFER,43,2,0,2213.49,Low
2025-08-15 02:10:00+00:00,SG-ORCHARD,PAYMENT,43,0,0,0.0,Low
2025-08-15 02:10:00+00:00,SG-ORCHARD,WITHDRAWAL,23,0,0,0.0,Low
2025-08-15 02:10:00+00:00,SG-JURONG,TRANSFER,20,0,0,0.0,Low
2025-08-15 02:10:00+00:00,SG-JURONG,PAYMENT,46,1,1,0.0,Low
2025-08-15 02:10:00+00:00,SG-JURONG,WITHDRAWAL,31,0,0,0.0,Low
2025-08-15 02:10:00+00:00,SG-WOODLANDS,TRANSFER,21,0,0,0.0,Low
2025-08-15 02:10:00+00:00,SG-WOODLANDS,PAYMENT,31,1,1,0.0,Low
2025-08-15 02:10:00+00:00,SG-WOODLANDS,WITHDRAWAL,25,0,0,0.0,Low
2025-08-15 02:20:00+00:00,SG-MAIN,TRANSFER,36,1,0,150.51,Low
2025-08-15 02:20:00+00:00,SG-MAIN,PAYMENT,50,1,1,0.0,Low
2025-08-15 02:20:00+00:00,SG-MAIN,WITHDRAWAL,30,2,1,1339.29,Low
2025-08-15 02:20:00+00:00,SG-TAMP,TRANSFER,32,3,2,984.5,Medium
2025-08-15 02:20:00+00:00,SG-TAMP,PAYMENT,44,0,0,0.0,Low
2025-08-15 02:20:00+00:00,SG-TAMP,WITHDRAWAL,33,1,1,0.0,Low
2025-08-15 02:20:00+00:00,SG-ORCHARD,TRANSFER,48,0,0,0.0,Low
2025-08-15 02:20:00+00:00,SG-ORCHARD,PAYMENT,41,1,0,756.81,Low
2025-08-15 02:20:00+00:00,SG-ORCHARD,WITHDRAWAL,28,1,0,1077.49,Low
2025-08-15 02:20:00+00:00,SG-JURONG,TRANSFER,36,0,0,0.0,Low
2025-08-15 02:20:00+00:00,SG-JURONG,PAYMENT,35,0,0,0.0,Low
2025-08-15 02:20:00+00:00,SG-JURONG,WITHDRAWAL,23,0,0,0.0,Low
2025-08-15 02:20:00+00:00,SG-WOODLANDS,TRANSFER,29,1,0,905.64,Low
2025-08-15 02:20:00+00:00,SG-WOODLANDS,PAYMENT,33,0,0,0.0,Low
2025-08-15 02:20:00+00:00,SG-WOODLANDS,WITHDRAWAL,17,0,0,0.0,Low
2025-08-15 02:30:00+00:00,SG-MAIN,TRANSFER,29,1,0,587.23,Low
2025-08-15 02:30:00+00:00,SG-MAIN,PAYMENT,41,0,0,0.0,Low
2025-08-15 02:30:00+00:00,SG-MAIN,WITHDRAWAL,28,0,0,0.0,Low
2025-08-15 02:30:00+00:00,SG-TAMP,TRANSFER,34,0,0,0.0,Low
2025-08-15 02:30:00+00:00,SG-TAMP,PAYMENT,39,1,0,1634.76,Low
2025-08-15 02:30:00+00:00,SG-TAMP,WITHDRAWAL,37,0,0,0.0,Low
2025-08-15 02:30:00+00:00,SG-ORCHARD,TRANSFER,30,0,0,0.0,Low
2025-08-15 02:30:00+00:00,SG-ORCHARD,PAYMENT,55,1,1,0.0,Low
2025-08-15 02:30:00+00:00,SG-ORCHARD,WITHDRAWAL,23,1,1,0.0,Low
2025-08-15 02:30:00+00:00,SG-JURONG,TRANSFER,33,0,0,0.0,Low
2025-08-15 02:30:00+00:00,SG-JURONG,PAYMENT,40,1,1,0.0,Low
2025-08-15 02:30:00+00:00,SG-JURONG,WITHDRAWAL,34,1,1,0.0,Low
2025-08-15 02:30:00+00:00,SG-WOODLANDS,TRANSFER,24,0,0,0.0,Low
2025-08-15 02:30:00+00:00,SG-WOODLANDS,PAYMENT,38,0,0,0.0,Low
2025-08-15 02:30:00+00:00,SG-WOODLANDS,WITHDRAWAL,29,0,0,0.0,Low
2025-08-15 02:40:00+00:00,SG-MAIN,TRANSFER,30,0,0,0.0,Low
2025-08-15 02:40:00+00:00,SG-MAIN,PAYMENT,62,1,1,0.0,Low
2025-08-15 02:40:00+00:00,SG-MAIN,WITHDRAWAL,28,2,2,0.0,Low
2025-08-15 02:40:00+00:00,SG-TAMP,TRANSFER,24,2,2,0.0,Low
2025-08-15 02:40:00+00:00,SG-TAMP,PAYMENT,59,0,0,0.0,Low
2025-08-15 02:40:00+00:00,SG-TAMP,WITHDRAWAL,21,0,0,0.0,Low
2025-08-15 02:40:00+00:00,SG-ORCHARD,TRANSFER,26,0,0,0.0,Low
2025-08-15 02:40:00+00:00,SG-ORCHARD,PAYMENT,50,0,0,0.0,Low
2025-08-15 02:40:00+00:00,SG-ORCHARD,WITHDRAWAL,28,3,1,2273.43,Medium
2025-08-15 02:40:00+00:00,SG-JURONG,TRANSFER,27,0,0,0.0,Low
2025-08-15 02:40:00+00:00,SG-JURONG,PAYMENT,48,1,0,476.08,Low
2025-08-15 02:40:00+00:00,SG-JURONG,WITHDRAWAL,33,0,0,0.0,Low
2025-08-15 02:40:00+00:00,SG-WOODLANDS,TRANSFER,24,0,0,0.0,Low
2025-08-15 02:40:00+00:00,SG-WOODLANDS,PAYMENT,31,0,0,0.0,Low
2025-08-15 02:40:00+00:00,SG-WOODLANDS,WITHDRAWAL,21,0,0,0.0,Low
2025-08-15 02:50:00+00:00,SG-MAIN,TRANSFER,38,1,1,0.0,Low
2025-08-15 02:50:00+00:00,SG-MAIN,PAYMENT,48,0,0,0.0,Low
2025-08-15 02:50:00+00:00,SG-MAIN,WITHDRAWAL,22,3,3,0.0,Medium
2025-08-15 02:50:00+00:00,SG-TAMP,TRANSFER,30,1,0,1012.78,Low
2025-08-15 02:50:00+00:00,SG-TAMP,PAYMENT,47,2,2,0.0,Low
2025-08-15 02:50:00+00:00,SG-TAMP,WITHDRAWAL,29,0,0,0.0,Low
2025-08-15 02:50:00+00:00,SG-ORCHARD,TRANSFER,38,3,2,1207.08,Medium
2025-08-15 02:50:00+00:00,SG-ORCHARD,PAYMENT,44,0,0,0.0,Low
2025-08-15 02:50:00+00:00,SG-ORCHARD,WITHDRAWAL,21,1,1,0.0,Low
2025-08-15 02:50:00+00:00,SG-JURONG,TRANSFER,32,0,0,0.0,Low
2025-08-15 02:50:00+00:00,SG-JURONG,PAYMENT,35,1,1,0.0,Low
2025-08-15 02:50:00+00:00,SG-JURONG,WITHDRAWAL,27,0,0,0.0,Low
2025-08-15 02:50:00+00:00,SG-WOODLANDS,TRANSFER,21,1,0,460.24,Low
2025-08-15 02:50:00+00:00,SG-WOODLANDS,PAYMENT,40,1,1,0.0,Low
2025-08-15 02:50:00+00:00,SG-WOODLANDS,WITHDRAWAL,19,0,0,0.0,Low
2025-08-15 03:00:00+00:00,SG-MAIN,TRANSFER,38,1,0,1145.18,Low
2025-08-15 03:00:00+00:00,SG-MAIN,PAYMENT,47,1,1,0.0,Low
2025-08-15 03:00:00+00:00,SG-MAIN,WITHDRAWAL,29,1,1,0.0,Low
2025-08-15 03:00:00+00:00,SG-TAMP,TRANSFER,27,2,1,1763.38,Low
2025-08-15 03:00:00+00:00,SG-TAMP,PAYMENT,49,1,1,0.0,Low
2025-08-15 03:00:00+00:00,SG-TAMP,WITHDRAWAL,25,0,0,0.0,Low
2025-08-15 03:00:00+00:00,SG-ORCHARD,TRANSFER,30,1,1,0.0,Low
2025-08-15 03:00:00+00:00,SG-ORCHARD,PAYMENT,41,1,1,0.0,Low
2025-08-15 03:00:00+00:00,SG-ORCHARD,WITHDRAWAL,21,0,0,0.0,Low
2025-08-15 03:00:00+00:00,SG-JURONG,TRANSFER,24,0,0,0.0,Low
2025-08-15 03:00:00+00:00,SG-JURONG,PAYMENT,44,2,2,0.0,Low
2025-08-15 03:00:00+00:00,SG-JURONG,WITHDRAWAL,18,0,0,0.0,Low
2025-08-15 03:00:00+00:00,SG-WOODLANDS,TRANSFER,36,0,0,0.0,Low
2025-08-15 03:00:00+00:00,SG-WOODLANDS,PAYMENT,47,0,0,0.0,Low
2025-08-15 03:00:00+00:00,SG-WOODLANDS,WITHDRAWAL,24,0,0,0.0,Low
2025-08-15 03:10:00+00:00,SG-MAIN,TRANSFER,25,3,3,0.0,Medium
2025-08-15 03:10:00+00:00,SG-MAIN,PAYMENT,48,0,0,0.0,Low
2025-08-15 03:10:00+00:00,SG-MAIN,WITHDRAWAL,31,1,0,1499.67,Low
2025-08-15 03:10:00+00:00,SG-TAMP,TRANSFER,30,1,0,945.31,Low
2025-08-15 03:10:00+00:00,SG-TAMP,PAYMENT,54,1,1,0.0,Low
2025-08-15 03:10:00+00:00,SG-TAMP,WITHDRAWAL,20,0,0,0.0,Low
2025-08-15 03:10:00+00:00,SG-ORCHARD,TRANSFER,21,0,0,0.0,Low
2025-08-15 03:10:00+00:00,SG-ORCHARD,PAYMENT,54,1,0,402.24,Low
2025-08-15 03:10:00+00:00,SG-ORCHARD,WITHDRAWAL,34,1,1,0.0,Low
2025-08-15 03:10:00+00:00,SG-JURONG,TRANSFER,28,0,0,0.0,Low
2025-08-15 03:10:00+00:00,SG-JURONG,PAYMENT,47,1,1,0.0,Low
2025-08-15 03:10:00+00:00,SG-JURONG,WITHDRAWAL,23,0,0,0.0,Low
2025-08-15 03:10:00+00:00,SG-WOODLANDS,TRANSFER,32,0,0,0.0,Low
2025-08-15 03:10:00+00:00,SG-WOODLANDS,PAYMENT,33,1,1,0.0,Low
2025-08-15 03:10:00+00:00,SG-WOODLANDS,WITHDRAWAL,25,0,0,0.0,Low
2025-08-15 03:20:00+00:00,SG-MAIN,TRANSFER,43,0,0,0.0,Low
2025-08-15 03:20:00+00:00,SG-MAIN,PAYMENT,52,1,1,0.0,Low
2025-08-15 03:20:00+00:00,SG-MAIN,WITHDRAWAL,29,1,1,0.0,Low
2025-08-15 03:20:00+00:00,SG-TAMP,TRANSFER,31,0,0,0.0,Low
2025-08-15 03:20:00+00:00,SG-TAMP,PAYMENT,50,0,0,0.0,Low
2025-08-15 03:20:00+00:00,SG-TAMP,WITHDRAWAL,24,0,0,0.0,Low
2025-08-15 03:20:00+00:00,SG-ORCHARD,TRANSFER,31,1,1,0.0,Low
2025-08-15 03:20:00+00:00,SG-ORCHARD,PAYMENT,58,0,0,0.0,Low
2025-08-15 03:20:00+00:00,SG-ORCHARD,WITHDRAWAL,36,0,0,0.0,Low
2025-08-15 03:20:00+00:00,SG-JURONG,TRANSFER,41,0,0,0.0,Low
2025-08-15 03:20:00+00:00,SG-JURONG,PAYMENT,44,0,0,0.0,Low
2025-08-15 03:20:00+00:00,SG-JURONG,WITHDRAWAL,20,0,0,0.0,Low
2025-08-15 03:20:00+00:00,SG-WOODLANDS,TRANSFER,27,0,0,0.0,Low
2025-08-15 03:20:00+00:00,SG-WOODLANDS,PAYMENT,48,0,0,0.0,Low
2025-08-15 03:20:00+00:00,SG-WOODLANDS,WITHDRAWAL,13,0,0,0.0,Low
2025-08-15 03:30:00+00:00,SG-MAIN,TRANSFER,37,2,0,588.15,Low
2025-08-15 03:30:00+00:00,SG-MAIN,PAYMENT,39,0,0,0.0,Low
2025-08-15 03:30:00+00:00,SG-MAIN,WITHDRAWAL,35,1,1,0.0,Low
2025-08-15 03:30:00+00:00,SG-TAMP,TRANSFER,30,2,1,1474.4,Low
2025-08-15 03:30:00+00:00,SG-TAMP,PAYMENT,45,2,2,0.0,Low
2025-08-15 03:30:00+00:00,SG-TAMP,WITHDRAWAL,24,0,0,0.0,Low
2025-08-15 03:30:00+00:00,SG-ORCHARD,TRANSFER,31,0,0,0.0,Low
2025-08-15 03:30:00+00:00,SG-ORCHARD,PAYMENT,57,0,0,0.0,Low
2025-08-15 03:30:00+00:00,SG-ORCHARD,WITHDRAWAL,27,1,0,1687.07,Low
2025-08-15 03:30:00+00:00,SG-JURONG,TRANSFER,28,0,0,0.0,Low
2025-08-15 03:30:00+00:00,SG-JURONG,PAYMENT,44,0,0,0.0,Low
2025-08-15 03:30:00+00:00,SG-JURONG,WITHDRAWAL,26,0,0,0.0,Low
2025-08-15 03:30:00+00:00,SG-WOODLANDS,TRANSFER,27,0,0,0.0,Low
2025-08-15 03:30:00+00:00,SG-WOODLANDS,PAYMENT,45,0,0,0.0,Low
2025-08-15 03:30:00+00:00,SG-WOODLANDS,WITHDRAWAL,24,0,0,0.0,Low
2025-08-15 03:40:00+00:00,SG-MAIN,TRANSFER,37,0,0,0.0,Low
2025-08-15 03:40:00+00:00,SG-MAIN,PAYMENT,64,2,1,127.76,Low
2025-08-15 03:40:00+00:00,SG-MAIN,WITHDRAWAL,30,1,0,953.98,Low
2025-08-15 03:40:00+00:00,SG-TAMP,TRANSFER,31,1,1,0.0,Low
2025-08-15 03:40:00+00:00,SG-TAMP,PAYMENT,54,0,0,0.0,Low
2025-08-15 03:40:00+00:00,SG-TAMP,WITHDRAWAL,22,1,1,0.0,Low
2025-08-15 03:40:00+00:00,SG-ORCHARD,TRANSFER,28,2,2,0.0,Low
2025-08-15 03:40:00+00:00,SG-ORCHARD,PAYMENT,38,0,0,0.0,Low
2025-08-15 03:40:00+00:00,SG-ORCHARD,WITHDRAWAL,30,0,0,0.0,Low
2025-08-15 03:40:00+00:00,SG-JURONG,TRANSFER,29,1,0,597.79,Low
2025-08-15 03:40:00+00:00,SG-JURONG,PAYMENT,39,0,0,0.0,Low
2025-08-15 03:40:00+00:00,SG-JURONG,WITHDRAWAL,25,0,0,0.0,Low
2025-08-15 03:40:00+00:00,SG-WOODLANDS,TRANSFER,22,0,0,0.0,Low
2025-08-15 03:40:00+00:00,SG-WOODLANDS,PAYMENT,43,0,0,0.0,Low
2025-08-15 03:40:00+00:00,SG-WOODLANDS,WITHDRAWAL,24,0,0,0.0,Low
2025-08-15 03:50:00+00:00,SG-MAIN,TRANSFER,29,0,0,0.0,Low
2025-08-15 03:50:00+00:00,SG-MAIN,PAYMENT,65,1,0,255.64,Low
2025-08-15 03:50:00+00:00,SG-MAIN,WITHDRAWAL,31,1,1,0.0,Low
2025-08-15 03:50:00+00:00,SG-TAMP,TRANSFER,31,1,0,1730.63,Low
2025-08-15 03:50:00+00:00,SG-TAMP,PAYMENT,41,0,0,0.0,Low
2025-08-15 03:50:00+00:00,SG-TAMP,WITHDRAWAL,36,0,0,0.0,Low
2025-08-15 03:50:00+00:00,SG-ORCHARD,TRANSFER,28,2,1,787.35,Low
2025-08-15 03:50:00+00:00,SG-ORCHARD,PAYMENT,48,2,2,0.0,Low
2025-08-15 03:50:00+00:00,SG-ORCHARD,WITHDRAWAL,23,2,2,0.0,Low
2025-08-15 03:50:00+00:00,SG-JURONG,TRANSFER,37,2,0,3239.7,Low
2025-08-15 03:50:00+00:00,SG-JURONG,PAYMENT,34,0,0,0.0,Low
2025-08-15 03:50:00+00:00,SG-JURONG,WITHDRAWAL,26,2,1,931.34,Low
2025-08-15 03:50:00+00:00,SG-WOODLANDS,TRANSFER,28,0,0,0.0,Low
2025-08-15 03:50:00+00:00,SG-WOODLANDS,PAYMENT,39,0,0,0.0,Low
2025-08-15 03:50:00+00:00,SG-WOODLANDS,WITHDRAWAL,28,1,1,0.0,Low
2025-08-15 04:00:00+00:00,SG-MAIN,TRANSFER,19,0,0,0.0,Low
2025-08-15 04:00:00+00:00,SG-MAIN,PAYMENT,50,2,2,0.0,Low
2025-08-15 04:00:00+00:00,SG-MAIN,WITHDRAWAL,17,0,0,0.0,Low
2025-08-15 04:00:00+00:00,SG-TAMP,TRANSFER,26,2,1,1171.66,Low
2025-08-15 04:00:00+00:00,SG-TAMP,PAYMENT,39,0,0,0.0,Low
2025-08-15 04:00:00+00:00,SG-TAMP,WITHDRAWAL,24,0,0,0.0,Low
2025-08-15 04:00:00+00:00,SG-ORCHARD,TRANSFER,34,1,0,1028.0,Low
2025-08-15 04:00:00+00:00,SG-ORCHARD,PAYMENT,42,1,1,0.0,Low
2025-08-15 04:00:00+00:00,SG-ORCHARD,WITHDRAWAL,27,1,1,0.0,Low
2025-08-15 04:00:00+00:00,SG-JURONG,TRANSFER,41,0,0,0.0,Low
2025-08-15 04:00:00+00:00,SG-JURONG,PAYMENT,43,0,0,0.0,Low
2025-08-15 04:00:00+00:00,SG-JURONG,WITHDRAWAL,25,0,0,0.0,Low
2025-08-15 04:00:00+00:00,SG-WOODLANDS,TRANSFER,19,0,0,0.0,Low
2025-08-15 04:00:00+00:00,SG-WOODLANDS,PAYMENT,43,2,2,0.0,Low
2025-08-15 04:00:00+00:00,SG-WOODLANDS,WITHDRAWAL,31,0,0,0.0,Low
2025-08-15 04:10:00+00:00,SG-MAIN,TRANSFER,42,2,2,0.0,Low
2025-08-15 04:10:00+00:00,SG-MAIN,PAYMENT,53,1,1,0.0,Low
2025-08-15 04:10:00+00:00,SG-MAIN,WITHDRAWAL,32,2,2,0.0,Low
2025-08-15 04:10:00+00:00,SG-TAMP,TRANSFER,31,1,0,892.31,Low
2025-08-15 04:10:00+00:00,SG-TAMP,PAYMENT,39,0,0,0.0,Low
2025-08-15 04:10:00+00:00,SG-TAMP,WITHDRAWAL,21,0,0,0.0,Low
2025-08-15 04:10:00+00:00,SG-ORCHARD,TRANSFER,44,0,0,0.0,Low
2025-08-15 04:10:00+00:00,SG-ORCHARD,PAYMENT,66,0,0,0.0,Low
2025-08-15 04:10:00+00:00,SG-ORCHARD,WITHDRAWAL,25,1,0,1309.7,Low
2025-08-15 04:10:00+00:00,SG-JURONG,TRANSFER,25,0,0,0.0,Low
2025-08-15 04:10:00+00:00,SG-JURONG,PAYMENT,35,0,0,0.0,Low
2025-08-15 04:10:00+00:00,SG-JURONG,WITHDRAWAL,18,0,0,0.0,Low
2025-08-15 04:10:00+00:00,SG-WOODLANDS,TRANSFER,19,1,0,1489.32,Low
2025-08-15 04:10:00+00:00,SG-WOODLANDS,PAYMENT,40,0,0,0.0,Low
2025-08-15 04:10:00+00:00,SG-WOODLANDS,WITHDRAWAL,22,0,0,0.0,Low
2025-08-15 04:20:00+00:00,SG-MAIN,TRANSFER,34,2,2,0.0,Low
2025-08-15 04:20:00+00:00,SG-MAIN,PAYMENT,45,0,0,0.0,Low
2025-08-15 04:20:00+00:00,SG-MAIN,WITHDRAWAL,26,0,0,0.0,Low
2025-08-15 04:20:00+00:00,SG-TAMP,TRANSFER,32,2,0,2765.54,Low
2025-08-15 04:20:00+00:00,SG-TAMP,PAYMENT,57,0,0,0.0,Low
2025-08-15 04:20:00+00:00,SG-TAMP,WITHDRAWAL,18,0,0,0.0,Low
2025-08-15 04:20:00+00:00,SG-ORCHARD,TRANSFER,35,1,1,0.0,Low
2025-08-15 04:20:00+00:00,SG-ORCHARD,PAYMENT,58,0,0,0.0,Low
2025-08-15 04:20:00+00:00,SG-ORCHARD,WITHDRAWAL,37,0,0,0.0,Low
2025-08-15 04:20:00+00:00,SG-JURONG,TRANSFER,27,2,2,0.0,Low
2025-08-15 04:20:00+00:00,SG-JURONG,PAYMENT,45,0,0,0.0,Low
2025-08-15 04:20:00+00:00,SG-JURONG,WITHDRAWAL,20,1,1,0.0,Low
2025-08-15 04:20:00+00:00,SG-WOODLANDS,TRANSFER,35,0,0,0.0,Low
2025-08-15 04:20:00+00:00,SG-WOODLANDS,PAYMENT,34,0,0,0.0,Low
2025-08-15 04:20:00+00:00,SG-WOODLANDS,WITHDRAWAL,32,1,0,515.23,Low
2025-08-15 04:30:00+00:00,SG-MAIN,TRANSFER,32,1,1,0.0,Low
2025-08-15 04:30:00+00:00,SG-MAIN,PAYMENT,57,0,0,0.0,Low
2025-08-15 04:30:00+00:00,SG-MAIN,WITHDRAWAL,36,0,0,0.0,Low
2025-08-15 04:30:00+00:00,SG-TAMP,TRANSFER,18,0,0,0.0,Low
2025-08-15 04:30:00+00:00,SG-TAMP,PAYMENT,53,0,0,0.0,Low
2025-08-15 04:30:00+00:00,SG-TAMP,WITHDRAWAL,31,0,0,0.0,Low
2025-08-15 04:30:00+00:00,SG-ORCHARD,TRANSFER,29,1,0,1198.98,Low
2025-08-15 04:30:00+00:00,SG-ORCHARD,PAYMENT,48,2,2,0.0,Low
2025-08-15 04:30:00+00:00,SG-ORCHARD,WITHDRAWAL,33,0,0,0.0,Low
2025-08-15 04:30:00+00:00,SG-JURONG,TRANSFER,31,0,0,0.0,Low
2025-08-15 04:30:00+00:00,SG-JURONG,PAYMENT,43,1,0,1468.57,Low
2025-08-15 04:30:00+00:00,SG-JURONG,WITHDRAWAL,22,0,0,0.0,Low
2025-08-15 04:30:00+00:00,SG-WOODLANDS,TRANSFER,28,1,1,0.0,Low
2025-08-15 04:30:00+00:00,SG-WOODLANDS,PAYMENT,24,0,0,0.0,Low
2025-08-15 04:30:00+00:00,SG-WOODLANDS,WITHDRAWAL,29,1,0,1545.28,Low
2025-08-15 04:40:00+00:00,SG-MAIN,TRANSFER,31,2,2,0.0,Low
2025-08-15 04:40:00+00:00,SG-MAIN,PAYMENT,54,0,0,0.0,Low
2025-08-15 04:40:00+00:00,SG-MAIN,WITHDRAWAL,34,1,1,0.0,Low
2025-08-15 04:40:00+00:00,SG-TAMP,TRANSFER,37,1,1,0.0,Low
2025-08-15 04:40:00+00:00,SG-TAMP,PAYMENT,37,0,0,0.0,Low
2025-08-15 04:40:00+00:00,SG-TAMP,WITHDRAWAL,27,0,0,0.0,Low
2025-08-15 04:40:00+00:00,SG-ORCHARD,TRANSFER,31,1,1,0.0,Low
2025-08-15 04:40:00+00:00,SG-ORCHARD,PAYMENT,43,2,1,1662.0,Low
2025-08-15 04:40:00+00:00,SG-ORCHARD,WITHDRAWAL,32,3,3,0.0,Medium
2025-08-15 04:40:00+00:00,SG-JURONG,TRANSFER,30,0,0,0.0,Low
2025-08-15 04:40:00+00:00,SG-JURONG,PAYMENT,50,2,1,626.22,Low
2025-08-15 04:40:00+00:00,SG-JURONG,WITHDRAWAL,30,0,0,0.0,Low
2025-08-15 04:40:00+00:00,SG-WOODLANDS,TRANSFER,32,0,0,0.0,Low
2025-08-15 04:40:00+00:00,SG-WOODLANDS,PAYMENT,36,0,0,0.0,Low
2025-08-15 04:40:00+00:00,SG-WOODLANDS,WITHDRAWAL,24,0,0,0.0,Low
2025-08-15 04:50:00+00:00,SG-MAIN,TRANSFER,44,1,0,205.48,Low
2025-08-15 04:50:00+00:00,SG-MAIN,PAYMENT,57,1,0,1607.98,Low
2025-08-15 04:50:00+00:00,SG-MAIN,WITHDRAWAL,25,1,1,0.0,Low
2025-08-15 04:50:00+00:00,SG-TAMP,TRANSFER,28,2,1,1187.74,Low
2025-08-15 04:50:00+00:00,SG-TAMP,PAYMENT,52,0,0,0.0,Low
2025-08-15 04:50:00+00:00,SG-TAMP,WITHDRAWAL,27,0,0,0.0,Low
2025-08-15 04:50:00+00:00,SG-ORCHARD,TRANSFER,44,1,1,0.0,Low
2025-08-15 04:50:00+00:00,SG-ORCHARD,PAYMENT,47,0,0,0.0,Low
2025-08-15 04:50:00+00:00,SG-ORCHARD,WITHDRAWAL,21,0,0,0.0,Low
2025-08-15 04:50:00+00:00,SG-JURONG,TRANSFER,33,1,0,1192.63,Low
2025-08-15 04:50:00+00:00,SG-JURONG,PAYMENT,45,0,0,0.0,Low
2025-08-15 04:50:00+00:00,SG-JURONG,WITHDRAWAL,24,0,0,0.0,Low
2025-08-15 04:50:00+00:00,SG-WOODLANDS,TRANSFER,35,0,0,0.0,Low
2025-08-15 04:50:00+00:00,SG-WOODLANDS,PAYMENT,37,0,0,0.0,Low
2025-08-15 04:50:00+00:00,SG-WOODLANDS,WITHDRAWAL,27,0,0,0.0,Low
2025-08-15 05:00:00+00:00,SG-MAIN,TRANSFER,42,0,0,0.0,Low
2025-08-15 05:00:00+00:00,SG-MAIN,PAYMENT,47,0,0,0.0,Low
2025-08-15 05:00:00+00:00,SG-MAIN,WITHDRAWAL,31,1,1,0.0,Low
2025-08-15 05:00:00+00:00,SG-TAMP,TRANSFER,26,1,1,0.0,Low
2025-08-15 05:00:00+00:00,SG-TAMP,PAYMENT,35,0,0,0.0,Low
2025-08-15 05:00:00+00:00,SG-TAMP,WITHDRAWAL,19,0,0,0.0,Low
2025-08-15 05:00:00+00:00,SG-ORCHARD,TRANSFER,41,2,1,1397.51,Low
2025-08-15 05:00:00+00:00,SG-ORCHARD,PAYMENT,50,1,0,946.25,Low
2025-08-15 05:00:00+00:00,SG-ORCHARD,WITHDRAWAL,30,1,1,0.0,Low
2025-08-15 05:00:00+00:00,SG-JURONG,TRANSFER,32,2,2,0.0,Low
2025-08-15 05:00:00+00:00,SG-JURONG,PAYMENT,44,0,0,0.0,Low
2025-08-15 05:00:00+00:00,SG-JURONG,WITHDRAWAL,21,0,0,0.0,Low
2025-08-15 05:00:00+00:00,SG-WOODLANDS,TRANSFER,35,0,0,0.0,Low
2025-08-15 05:00:00+00:00,SG-WOODLANDS,PAYMENT,44,1,1,0.0,Low
2025-08-15 05:00:00+00:00,SG-WOODLANDS,WITHDRAWAL,27,0,0,0.0,Low
2025-08-15 05:10:00+00:00,SG-MAIN,TRANSFER,35,0,0,0.0,Low
2025-08-15 05:10:00+00:00,SG-MAIN,PAYMENT,64,1,0,1798.03,Low
2025-08-15 05:10:00+00:00,SG-MAIN,WITHDRAWAL,26,0,0,0.0,Low
2025-08-15 05:10:00+00:00,SG-TAMP,TRANSFER,29,3,0,3763.3,Medium
2025-08-15 05:10:00+00:00,SG-TAMP,PAYMENT,61,0,0,0.0,Low
2025-08-15 05:10:00+00:00,SG-TAMP,WITHDRAWAL,34,0,0,0.0,Low
2025-08-15 05:10:00+00:00,SG-ORCHARD,TRANSFER,46,1,1,0.0,Low
2025-08-15 05:10:00+00:00,SG-ORCHARD,PAYMENT,52,0,0,0.0,Low
2025-08-15 05:10:00+00:00,SG-ORCHARD,WITHDRAWAL,32,1,1,0.0,Low
2025-08-15 05:10:00+00:00,SG-JURONG,TRANSFER,29,0,0,0.0,Low
2025-08-15 05:10:00+00:00,SG-JURONG,PAYMENT,53,0,0,0.0,Low
2025-08-15 05:10:00+00:00,SG-JURONG,WITHDRAWAL,31,0,0,0.0,Low
2025-08-15 05:10:00+00:00,SG-WOODLANDS,TRANSFER,27,1,1,0.0,Low
2025-08-15 05:10:00+00:00,SG-WOODLANDS,PAYMENT,30,0,0,0.0,Low
2025-08-15 05:10:00+00:00,SG-WOODLANDS,WITHDRAWAL,19,0,0,0.0,Low
2025-08-15 05:20:00+00:00,SG-MAIN,TRANSFER,36,2,1,138.51,Low
2025-08-15 05:20:00+00:00,SG-MAIN,PAYMENT,54,0,0,0.0,Low
2025-08-15 05:20:00+00:00,SG-MAIN,WITHDRAWAL,33,1,0,950.03,Low
2025-08-15 05:20:00+00:00,SG-TAMP,TRANSFER,30,0,0,0.0,Low
2025-08-15 05:20:00+00:00,SG-TAMP,PAYMENT,42,0,0,0.0,Low
2025-08-15 05:20:00+00:00,SG-TAMP,WITHDRAWAL,31,0,0,0.0,Low
2025-08-15 05:20:00+00:00,SG-ORCHARD,TRANSFER,39,2,1,1315.67,Low
2025-08-15 05:20:00+00:00,SG-ORCHARD,PAYMENT,41,0,0,0.0,Low
2025-08-15 05:20:00+00:00,SG-ORCHARD,WITHDRAWAL,26,0,0,0.0,Low
2025-08-15 05:20:00+00:00,SG-JURONG,TRANSFER,32,0,0,0.0,Low
2025-08-15 05:20:00+00:00,SG-JURONG,PAYMENT,61,1,0,1641.92,Low
2025-08-15 05:20:00+00:00,SG-JURONG,WITHDRAWAL,18,0,0,0.0,Low
2025-08-15 05:20:00+00:00,SG-WOODLANDS,TRANSFER,32,1,1,0.0,Low
2025-08-15 05:20:00+00:00,SG-WOODLANDS,PAYMENT,48,1,0,913.75,Low
2025-08-15 05:20:00+00:00,SG-WOODLANDS,WITHDRAWAL,25,2,1,739.9,Low
2025-08-15 05:30:00+00:00,SG-MAIN,TRANSFER,31,1,0,1353.37,Low
2025-08-15 05:30:00+00:00,SG-MAIN,PAYMENT,47,0,0,0.0,Low
2025-08-15 05:30:00+00:00,SG-MAIN,WITHDRAWAL,38,1,0,553.26,Low
2025-08-15 05:30:00+00:00,SG-TAMP,TRANSFER,27,1,1,0.0,Low
2025-08-15 05:30:00+00:00,SG-TAMP,PAYMENT,36,1,1,0.0,Low
2025-08-15 05:30:00+00:00,SG-TAMP,WITHDRAWAL,26,0,0,0.0,Low
2025-08-15 05:30:00+00:00,SG-ORCHARD,TRANSFER,44,4,3,314.71,Medium
2025-08-15 05:30:00+00:00,SG-ORCHARD,PAYMENT,63,0,0,0.0,Low
2025-08-15 05:30:00+00:00,SG-ORCHARD,WITHDRAWAL,24,0,0,0.0,Low
2025-08-15 05:30:00+00:00,SG-JURONG,TRANSFER,29,0,0,0.0,Low
2025-08-15 05:30:00+00:00,SG-JURONG,PAYMENT,44,0,0,0.0,Low
2025-08-15 05:30:00+00:00,SG-JURONG,WITHDRAWAL,25,0,0,0.0,Low
2025-08-15 05:30:00+00:00,SG-WOODLANDS,TRANSFER,30,1,1,0.0,Low
2025-08-15 05:30:00+00:00,SG-WOODLANDS,PAYMENT,44,0,0,0.0,Low
2025-08-15 05:30:00+00:00,SG-WOODLANDS,WITHDRAWAL,26,0,0,0.0,Low
2025-08-15 05:40:00+00:00,SG-MAIN,TRANSFER,29,2,2,0.0,Low
2025-08-15 05:40:00+00:00,SG-MAIN,PAYMENT,56,0,0,0.0,Low
2025-08-15 05:40:00+00:00,SG-MAIN,WITHDRAWAL,37,2,0,1058.64,Low
2025-08-15 05:40:00+00:00,SG-TAMP,TRANSFER,35,0,0,0.0,Low
2025-08-15 05:40:00+00:00,SG-TAMP,PAYMENT,48,0,0,0.0,Low
2025-08-15 05:40:00+00:00,SG-TAMP,WITHDRAWAL,28,0,0,0.0,Low
2025-08-15 05:40:00+00:00,SG-ORCHARD,TRANSFER,50,1,1,0.0,Low
2025-08-15 05:40:00+00:00,SG-ORCHARD,PAYMENT,51,0,0,0.0,Low
2025-08-15 05:40:00+00:00,SG-ORCHARD,WITHDRAWAL,48,1,0,873.06,Low
2025-08-15 05:40:00+00:00,SG-JURONG,TRANSFER,29,0,0,0.0,Low
2025-08-15 05:40:00+00:00,SG-JURONG,PAYMENT,39,0,0,0.0,Low
2025-08-15 05:40:00+00:00,SG-JURONG,WITHDRAWAL,25,0,0,0.0,Low
2025-08-15 05:40:00+00:00,SG-WOODLANDS,TRANSFER,25,0,0,0.0,Low
2025-08-15 05:40:00+00:00,SG-WOODLANDS,PAYMENT,41,1,1,0.0,Low
2025-08-15 05:40:00+00:00,SG-WOODLANDS,WITHDRAWAL,24,0,0,0.0,Low
2025-08-15 05:50:00+00:00,SG-MAIN,TRANSFER,33,0,0,0.0,Low
2025-08-15 05:50:00+00:00,SG-MAIN,PAYMENT,44,1,1,0.0,Low
2025-08-15 05:50:00+00:00,SG-MAIN,WITHDRAWAL,34,1,0,693.78,Low
2025-08-15 05:50:00+00:00,SG-TAMP,TRANSFER,28,1,1,0.0,Low
2025-08-15 05:50:00+00:00,SG-TAMP,PAYMENT,52,1,1,0.0,Low
2025-08-15 05:50:00+00:00,SG-TAMP,WITHDRAWAL,15,0,0,0.0,Low
2025-08-15 05:50:00+00:00,SG-ORCHARD,TRANSFER,34,0,0,0.0,Low
2025-08-15 05:50:00+00:00,SG-ORCHARD,PAYMENT,46,0,0,0.0,Low
2025-08-15 05:50:00+00:00,SG-ORCHARD,WITHDRAWAL,28,0,0,0.0,Low
2025-08-15 05:50:00+00:00,SG-JURONG,TRANSFER,44,1,1,0.0,Low
2025-08-15 05:50:00+00:00,SG-JURONG,PAYMENT,53,1,0,849.71,Low
2025-08-15 05:50:00+00:00,SG-JURONG,WITHDRAWAL,32,0,0,0.0,Low
2025-08-15 05:50:00+00:00,SG-WOODLANDS,TRANSFER,37,2,2,0.0,Low
2025-08-15 05:50:00+00:00,SG-WOODLANDS,PAYMENT,40,0,0,0.0,Low
2025-08-15 05:50:00+00:00,SG-WOODLANDS,WITHDRAWAL,25,0,0,0.0,Low
2025-08-15 06:00:00+00:00,SG-MAIN,TRANSFER,38,0,0,0.0,Low
2025-08-15 06:00:00+00:00,SG-MAIN,PAYMENT,66,0,0,0.0,Low
2025-08-15 06:00:00+00:00,SG-MAIN,WITHDRAWAL,32,0,0,0.0,Low
2025-08-15 06:00:00+00:00,SG-TAMP,TRANSFER,35,0,0,0.0,Low
2025-08-15 06:00:00+00:00,SG-TAMP,PAYMENT,51,1,1,0.0,Low
2025-08-15 06:00:00+00:00,SG-TAMP,WITHDRAWAL,22,0,0,0.0,Low
2025-08-15 06:00:00+00:00,SG-ORCHARD,TRANSFER,45,1,0,313.51,Low
2025-08-15 06:00:00+00:00,SG-ORCHARD,PAYMENT,55,0,0,0.0,Low
2025-08-15 06:00:00+00:00,SG-ORCHARD,WITHDRAWAL,33,0,0,0.0,Low
2025-08-15 06:00:00+00:00,SG-JURONG,TRANSFER,34,1,1,0.0,Low
2025-08-15 06:00:00+00:00,SG-JURONG,PAYMENT,40,0,0,0.0,Low
2025-08-15 06:00:00+00:00,SG-JURONG,WITHDRAWAL,31,0,0,0.0,Low
2025-08-15 06:00:00+00:00,SG-WOODLANDS,TRANSFER,31,1,0,267.44,Low
2025-08-15 06:00:00+00:00,SG-WOODLANDS,PAYMENT,60,0,0,0.0,Low
2025-08-15 06:00:00+00:00,SG-WOODLANDS,WITHDRAWAL,26,0,0,0.0,Low
2025-08-15 06:10:00+00:00,SG-MAIN,TRANSFER,49,2,2,0.0,Low
2025-08-15 06:10:00+00:00,SG-MAIN,PAYMENT,52,0,0,0.0,Low
2025-08-15 06:10:00+00:00,SG-MAIN,WITHDRAWAL,45,2,2,0.0,Low
2025-08-15 06:10:00+00:00,SG-TAMP,TRANSFER,33,1,1,0.0,Low
2025-08-15 06:10:00+00:00,SG-TAMP,PAYMENT,36,0,0,0.0,Low
2025-08-15 06:10:00+00:00,SG-TAMP,WITHDRAWAL,28,0,0,0.0,Low
2025-08-15 06:10:00+00:00,SG-ORCHARD,TRANSFER,41,1,1,0.0,Low
2025-08-15 06:10:00+00:00,SG-ORCHARD,PAYMENT,61,1,0,996.93,Low
2025-08-15 06:10:00+00:00,SG-ORCHARD,WITHDRAWAL,41,0,0,0.0,Low
2025-08-15 06:10:00+00:00,SG-JURONG,TRANSFER,33,3,2,275.88,Medium
2025-08-15 06:10:00+00:00,SG-JURONG,PAYMENT,49,1,1,0.0,Low
2025-08-15 06:10:00+00:00,SG-JURONG,WITHDRAWAL,30,1,0,1580.01,Low
2025-08-15 06:10:00+00:00,SG-WOODLANDS,TRANSFER,27,1,1,0.0,Low
2025-08-15 06:10:00+00:00,SG-WOODLANDS,PAYMENT,39,0,0,0.0,Low
2025-08-15 06:10:00+00:00,SG-WOODLANDS,WITHDRAWAL,22,1,0,455.66,Low
2025-08-15 06:20:00+00:00,SG-MAIN,TRANSFER,44,1,1,0.0,Low
2025-08-15 06:20:00+00:00,SG-MAIN,PAYMENT,38,1,0,1390.93,Low
2025-08-15 06:20:00+00:00,SG-MAIN,WITHDRAWAL,32,0,0,0.0,Low
2025-08-15 06:20:00+00:00,SG-TAMP,TRANSFER,33,0,0,0.0,Low
2025-08-15 06:20:00+00:00,SG-TAMP,PAYMENT,53,3,3,0.0,Medium
2025-08-15 06:20:00+00:00,SG-TAMP,WITHDRAWAL,28,0,0,0.0,Low
2025-08-15 06:20:00+00:00,SG-ORCHARD,TRANSFER,35,2,2,0.0,Low
2025-08-15 06:20:00+00:00,SG-ORCHARD,PAYMENT,68,0,0,0.0,Low
2025-08-15 06:20:00+00:00,SG-ORCHARD,WITHDRAWAL,31,0,0,0.0,Low
2025-08-15 06:20:00+00:00,SG-JURONG,TRANSFER,29,0,0,0.0,Low
2025-08-15 06:20:00+00:00,SG-JURONG,PAYMENT,50,1,1,0.0,Low
2025-08-15 06:20:00+00:00,SG-JURONG,WITHDRAWAL,27,1,1,0.0,Low
2025-08-15 06:20:00+00:00,SG-WOODLANDS,TRANSFER,34,0,0,0.0,Low
2025-08-15 06:20:00+00:00,SG-WOODLANDS,PAYMENT,42,0,0,0.0,Low
2025-08-15 06:20:00+00:00,SG-WOODLANDS,WITHDRAWAL,33,0,0,0.0,Low
2025-08-15 06:30:00+00:00,SG-MAIN,TRANSFER,48,1,1,0.0,Low
2025-08-15 06:30:00+00:00,SG-MAIN,PAYMENT,64,0,0,0.0,Low
2025-08-15 06:30:00+00:00,SG-MAIN,WITHDRAWAL,40,0,0,0.0,Low
2025-08-15 06:30:00+00:00,SG-TAMP,TRANSFER,45,1,1,0.0,Low
2025-08-15 06:30:00+00:00,SG-TAMP,PAYMENT,50,0,0,0.0,Low
2025-08-15 06:30:00+00:00,SG-TAMP,WITHDRAWAL,30,0,0,0.0,Low
2025-08-15 06:30:00+00:00,SG-ORCHARD,TRANSFER,35,0,0,0.0,Low
2025-08-15 06:30:00+00:00,SG-ORCHARD,PAYMENT,66,0,0,0.0,Low
2025-08-15 06:30:00+00:00,SG-ORCHARD,WITHDRAWAL,36,0,0,0.0,Low
2025-08-15 06:30:00+00:00,SG-JURONG,TRANSFER,28,0,0,0.0,Low
2025-08-15 06:30:00+00:00,SG-JURONG,PAYMENT,36,0,0,0.0,Low
2025-08-15 06:30:00+00:00,SG-JURONG,WITHDRAWAL,26,0,0,0.0,Low
2025-08-15 06:30:00+00:00,SG-WOODLANDS,TRANSFER,27,1,1,0.0,Low
2025-08-15 06:30:00+00:00,SG-WOODLANDS,PAYMENT,53,1,0,535.41,Low
2025-08-15 06:30:00+00:00,SG-WOODLANDS,WITHDRAWAL,28,0,0,0.0,Low
2025-08-15 06:40:00+00:00,SG-MAIN,TRANSFER,53,4,3,1022.9,Medium
2025-08-15 06:40:00+00:00,SG-MAIN,PAYMENT,57,0,0,0.0,Low
2025-08-15 06:40:00+00:00,SG-MAIN,WITHDRAWAL,34,2,2,0.0,Low
2025-08-15 06:40:00+00:00,SG-TAMP,TRANSFER,31,0,0,0.0,Low
2025-08-15 06:40:00+00:00,SG-TAMP,PAYMENT,64,0,0,0.0,Low
2025-08-15 06:40:00+00:00,SG-TAMP,WITHDRAWAL,34,1,0,1326.83,Low
2025-08-15 06:40:00+00:00,SG-ORCHARD,TRANSFER,42,2,0,2343.14,Low
2025-08-15 06:40:00+00:00,SG-ORCHARD,PAYMENT,55,4,4,0.0,Medium
2025-08-15 06:40:00+00:00,SG-ORCHARD,WITHDRAWAL,27,0,0,0.0,Low
2025-08-15 06:40:00+00:00,SG-JURONG,TRANSFER,37,0,0,0.0,Low
2025-08-15 06:40:00+00:00,SG-JURONG,PAYMENT,52,0,0,0.0,Low
2025-08-15 06:40:00+00:00,SG-JURONG,WITHDRAWAL,33,1,1,0.0,Low
2025-08-15 06:40:00+00:00,SG-WOODLANDS,TRANSFER,34,0,0,0.0,Low
2025-08-15 06:40:00+00:00,SG-WOODLANDS,PAYMENT,42,1,1,0.0,Low
2025-08-15 06:40:00+00:00,SG-WOODLANDS,WITHDRAWAL,19,0,0,0.0,Low
2025-08-15 06:50:00+00:00,SG-MAIN,TRANSFER,46,1,1,0.0,Low
2025-08-15 06:50:00+00:00,SG-MAIN,PAYMENT,55,1,0,993.19,Low
2025-08-15 06:50:00+00:00,SG-MAIN,WITHDRAWAL,32,0,0,0.0,Low
2025-08-15 06:50:00+00:00,SG-TAMP,TRANSFER,31,2,2,0.0,Low
2025-08-15 06:50:00+00:00,SG-TAMP,PAYMENT,47,0,0,0.0,Low
2025-08-15 06:50:00+00:00,SG-TAMP,WITHDRAWAL,37,1,0,306.18,Low
2025-08-15 06:50:00+00:00,SG-ORCHARD,TRANSFER,39,3,1,2044.98,Medium
2025-08-15 06:50:00+00:00,SG-ORCHARD,PAYMENT,50,0,0,0.0,Low
2025-08-15 06:50:00+00:00,SG-ORCHARD,WITHDRAWAL,46,0,0,0.0,Low
2025-08-15 06:50:00+00:00,SG-JURONG,TRANSFER,47,1,1,0.0,Low
2025-08-15 06:50:00+00:00,SG-JURONG,PAYMENT,49,0,0,0.0,Low
2025-08-15 06:50:00+00:00,SG-JURONG,WITHDRAWAL,25,0,0,0.0,Low
2025-08-15 06:50:00+00:00,SG-WOODLANDS,TRANSFER,29,0,0,0.0,Low
2025-08-15 06:50:00+00:00,SG-WOODLANDS,PAYMENT,40,0,0,0.0,Low
2025-08-15 06:50:00+00:00,SG-WOODLANDS,WITHDRAWAL,22,1,0,1180.56,Low
2025-08-15 07:00:00+00:00,SG-MAIN,TRANSFER,44,2,2,0.0,Low
2025-08-15 07:00:00+00:00,SG-MAIN,PAYMENT,78,1,1,0.0,Low
2025-08-15 07:00:00+00:00,SG-MAIN,WITHDRAWAL,35,0,0,0.0,Low
2025-08-15 07:00:00+00:00,SG-TAMP,TRANSFER,33,0,0,0.0,Low
2025-08-15 07:00:00+00:00,SG-TAMP,PAYMENT,76,0,0,0.0,Low
2025-08-15 07:00:00+00:00,SG-TAMP,WITHDRAWAL,28,0,0,0.0,Low
2025-08-15 07:00:00+00:00,SG-ORCHARD,TRANSFER,37,0,0,0.0,Low
2025-08-15 07:00:00+00:00,SG-ORCHARD,PAYMENT,53,0,0,0.0,Low
2025-08-15 07:00:00+00:00,SG-ORCHARD,WITHDRAWAL,36,1,1,0.0,Low
2025-08-15 07:00:00+00:00,SG-JURONG,TRANSFER,38,0,0,0.0,Low
2025-08-15 07:00:00+00:00,SG-JURONG,PAYMENT,40,2,2,0.0,Low
2025-08-15 07:00:00+00:00,SG-JURONG,WITHDRAWAL,31,1,1,0.0,Low
2025-08-15 07:00:00+00:00,SG-WOODLANDS,TRANSFER,36,2,2,0.0,Low
2025-08-15 07:00:00+00:00,SG-WOODLANDS,PAYMENT,61,1,1,0.0,Low
2025-08-15 07:00:00+00:00,SG-WOODLANDS,WITHDRAWAL,23,0,0,0.0,Low
2025-08-15 07:10:00+00:00,SG-MAIN,TRANSFER,39,1,1,0.0,Low
2025-08-15 07:10:00+00:00,SG-MAIN,PAYMENT,64,0,0,0.0,Low
2025-08-15 07:10:00+00:00,SG-MAIN,WITHDRAWAL,45,0,0,0.0,Low
2025-08-15 07:10:00+00:00,SG-TAMP,TRANSFER,37,1,0,173.06,Low
2025-08-15 07:10:00+00:00,SG-TAMP,PAYMENT,46,0,0,0.0,Low
2025-08-15 07:10:00+00:00,SG-TAMP,WITHDRAWAL,35,1,0,947.97,Low
2025-08-15 07:10:00+00:00,SG-ORCHARD,TRANSFER,47,1,1,0.0,Low
2025-08-15 07:10:00+00:00,SG-ORCHARD,PAYMENT,79,2,1,829.79,Low
2025-08-15 07:10:00+00:00,SG-ORCHARD,WITHDRAWAL,35,0,0,0.0,Low
2025-08-15 07:10:00+00:00,SG-JURONG,TRANSFER,32,0,0,0.0,Low
2025-08-15 07:10:00+00:00,SG-JURONG,PAYMENT,62,0,0,0.0,Low
2025-08-15 07:10:00+00:00,SG-JURONG,WITHDRAWAL,29,0,0,0.0,Low
2025-08-15 07:10:00+00:00,SG-WOODLANDS,TRANSFER,41,1,0,1085.78,Low
2025-08-15 07:10:00+00:00,SG-WOODLANDS,PAYMENT,58,1,0,1461.9,Low
2025-08-15 07:10:00+00:00,SG-WOODLANDS,WITHDRAWAL,31,3,2,1487.38,Medium
2025-08-15 07:20:00+00:00,SG-MAIN,TRANSFER,48,3,2,1069.98,Medium
2025-08-15 07:20:00+00:00,SG-MAIN,PAYMENT,49,1,1,0.0,Low
2025-08-15 07:20:00+00:00,SG-MAIN,WITHDRAWAL,34,0,0,0.0,Low
2025-08-15 07:20:00+00:00,SG-TAMP,TRANSFER,28,0,0,0.0,Low
2025-08-15 07:20:00+00:00,SG-TAMP,PAYMENT,58,0,0,0.0,Low
2025-08-15 07:20:00+00:00,SG-TAMP,WITHDRAWAL,32,0,0,0.0,Low
2025-08-15 07:20:00+00:00,SG-ORCHARD,TRANSFER,42,2,2,0.0,Low
2025-08-15 07:20:00+00:00,SG-ORCHARD,PAYMENT,67,0,0,0.0,Low
2025-08-15 07:20:00+00:00,SG-ORCHARD,WITHDRAWAL,36,1,1,0.0,Low
2025-08-15 07:20:00+00:00,SG-JURONG,TRANSFER,40,1,0,760.6,Low
2025-08-15 07:20:00+00:00,SG-JURONG,PAYMENT,62,1,1,0.0,Low
2025-08-15 07:20:00+00:00,SG-JURONG,WITHDRAWAL,29,0,0,0.0,Low
2025-08-15 07:20:00+00:00,SG-WOODLANDS,TRANSFER,36,2,1,906.92,Low
2025-08-15 07:20:00+00:00,SG-WOODLANDS,PAYMENT,60,0,0,0.0,Low
2025-08-15 07:20:00+00:00,SG-WOODLANDS,WITHDRAWAL,25,0,0,0.0,Low
2025-08-15 07:30:00+00:00,SG-MAIN,TRANSFER,52,1,0,140.4,Low
2025-08-15 07:30:00+00:00,SG-MAIN,PAYMENT,63,1,1,0.0,Low
2025-08-15 07:30:00+00:00,SG-MAIN,WITHDRAWAL,34,1,0,349.59,Low
2025-08-15 07:30:00+00:00,SG-TAMP,TRANSFER,38,0,0,0.0,Low
2025-08-15 07:30:00+00:00,SG-TAMP,PAYMENT,52,0,0,0.0,Low
2025-08-15 07:30:00+00:00,SG-TAMP,WITHDRAWAL,29,0,0,0.0,Low
2025-08-15 07:30:00+00:00,SG-ORCHARD,TRANSFER,44,1,1,0.0,Low
2025-08-15 07:30:00+00:00,SG-ORCHARD,PAYMENT,70,1,1,0.0,Low
2025-08-15 07:30:00+00:00,SG-ORCHARD,WITHDRAWAL,41,0,0,0.0,Low
2025-08-15 07:30:00+00:00,SG-JURONG,TRANSFER,38,0,0,0.0,Low
2025-08-15 07:30:00+00:00,SG-JURONG,PAYMENT,58,0,0,0.0,Low
2025-08-15 07:30:00+00:00,SG-JURONG,WITHDRAWAL,38,1,1,0.0,Low
2025-08-15 07:30:00+00:00,SG-WOODLANDS,TRANSFER,27,0,0,0.0,Low
2025-08-15 07:30:00+00:00,SG-WOODLANDS,PAYMENT,66,1,0,1784.88,Low
2025-08-15 07:30:00+00:00,SG-WOODLANDS,WITHDRAWAL,23,1,1,0.0,Low
2025-08-15 07:40:00+00:00,SG-MAIN,TRANSFER,50,2,2,0.0,Low
2025-08-15 07:40:00+00:00,SG-MAIN,PAYMENT,57,0,0,0.0,Low
2025-08-15 07:40:00+00:00,SG-MAIN,WITHDRAWAL,27,0,0,0.0,Low
2025-08-15 07:40:00+00:00,SG-TAMP,TRANSFER,35,1,1,0.0,Low
2025-08-15 07:40:00+00:00,SG-TAMP,PAYMENT,72,1,1,0.0,Low
2025-08-15 07:40:00+00:00,SG-TAMP,WITHDRAWAL,40,1,1,0.0,Low
2025-08-15 07:40:00+00:00,SG-ORCHARD,TRANSFER,47,6,4,1344.03,High
2025-08-15 07:40:00+00:00,SG-ORCHARD,PAYMENT,51,0,0,0.0,Low
2025-08-15 07:40:00+00:00,SG-ORCHARD,WITHDRAWAL,40,0,0,0.0,Low
2025-08-15 07:40:00+00:00,SG-JURONG,TRANSFER,42,0,0,0.0,Low
2025-08-15 07:40:00+00:00,SG-JURONG,PAYMENT,55,0,0,0.0,Low
2025-08-15 07:40:00+00:00,SG-JURONG,WITHDRAWAL,30,0,0,0.0,Low
2025-08-15 07:40:00+00:00,SG-WOODLANDS,TRANSFER,40,3,0,2752.79,Medium
2025-08-15 07:40:00+00:00,SG-WOODLANDS,PAYMENT,59,0,0,0.0,Low
2025-08-15 07:40:00+00:00,SG-WOODLANDS,WITHDRAWAL,29,1,1,0.0,Low
2025-08-15 07:50:00+00:00,SG-MAIN,TRANSFER,48,1,1,0.0,Low
2025-08-15 07:50:00+00:00,SG-MAIN,PAYMENT,62,0,0,0.0,Low
2025-08-15 07:50:00+00:00,SG-MAIN,WITHDRAWAL,31,0,0,0.0,Low
2025-08-15 07:50:00+00:00,SG-TAMP,TRANSFER,29,0,0,0.0,Low
2025-08-15 07:50:00+00:00,SG-TAMP,PAYMENT,55,1,1,0.0,Low
2025-08-15 07:50:00+00:00,SG-TAMP,WITHDRAWAL,37,1,1,0.0,Low
2025-08-15 07:50:00+00:00,SG-ORCHARD,TRANSFER,43,1,1,0.0,Low
2025-08-15 07:50:00+00:00,SG-ORCHARD,PAYMENT,61,0,0,0.0,Low
2025-08-15 07:50:00+00:00,SG-ORCHARD,WITHDRAWAL,37,0,0,0.0,Low
2025-08-15 07:50:00+00:00,SG-JURONG,TRANSFER,41,0,0,0.0,Low
2025-08-15 07:50:00+00:00,SG-JURONG,PAYMENT,49,0,0,0.0,Low
2025-08-15 07:50:00+00:00,SG-JURONG,WITHDRAWAL,28,0,0,0.0,Low
2025-08-15 07:50:00+00:00,SG-WOODLANDS,TRANSFER,27,0,0,0.0,Low
2025-08-15 07:50:00+00:00,SG-WOODLANDS,PAYMENT,53,0,0,0.0,Low
2025-08-15 07:50:00+00:00,SG-WOODLANDS,WITHDRAWAL,42,0,0,0.0,Low
2025-08-15 08:00:00+00:00,SG-MAIN,TRANSFER,48,4,4,0.0,Medium
2025-08-15 08:00:00+00:00,SG-MAIN,PAYMENT,68,0,0,0.0,Low
2025-08-15 08:00:00+00:00,SG-MAIN,WITHDRAWAL,49,4,3,1209.94,Medium
2025-08-15 08:00:00+00:00,SG-TAMP,TRANSFER,60,3,2,1303.39,Medium
2025-08-15 08:00:00+00:00,SG-TAMP,PAYMENT,49,1,1,0.0,Low
2025-08-15 08:00:00+00:00,SG-TAMP,WITHDRAWAL,27,1,1,0.0,Low
2025-08-15 08:00:00+00:00,SG-ORCHARD,TRANSFER,48,2,1,1108.09,Low
2025-08-15 08:00:00+00:00,SG-ORCHARD,PAYMENT,60,1,1,0.0,Low
2025-08-15 08:00:00+00:00,SG-ORCHARD,WITHDRAWAL,38,1,1,0.0,Low
2025-08-15 08:00:00+00:00,SG-JURONG,TRANSFER,36,0,0,0.0,Low
2025-08-15 08:00:00+00:00,SG-JURONG,PAYMENT,49,0,0,0.0,Low
2025-08-15 08:00:00+00:00,SG-JURONG,WITHDRAWAL,29,0,0,0.0,Low
2025-08-15 08:00:00+00:00,SG-WOODLANDS,TRANSFER,46,2,2,0.0,Low
2025-08-15 08:00:00+00:00,SG-WOODLANDS,PAYMENT,65,0,0,0.0,Low
2025-08-15 08:00:00+00:00,SG-WOODLANDS,WITHDRAWAL,24,0,0,0.0,Low
2025-08-15 08:10:00+00:00,SG-MAIN,TRANSFER,58,4,4,0.0,Medium
2025-08-15 08:10:00+00:00,SG-MAIN,PAYMENT,68,1,1,0.0,Low
2025-08-15 08:10:00+00:00,SG-MAIN,WITHDRAWAL,34,0,0,0.0,Low
2025-08-15 08:10:00+00:00,SG-TAMP,TRANSFER,42,0,0,0.0,Low
2025-08-15 08:10:00+00:00,SG-TAMP,PAYMENT,74,1,1,0.0,Low
2025-08-15 08:10:00+00:00,SG-TAMP,WITHDRAWAL,39,1,1,0.0,Low
2025-08-15 08:10:00+00:00,SG-ORCHARD,TRANSFER,41,1,1,0.0,Low
2025-08-15 08:10:00+00:00,SG-ORCHARD,PAYMENT,58,1,1,0.0,Low
2025-08-15 08:10:00+00:00,SG-ORCHARD,WITHDRAWAL,40,2,2,0.0,Low
2025-08-15 08:10:00+00:00,SG-JURONG,TRANSFER,41,1,1,0.0,Low
2025-08-15 08:10:00+00:00,SG-JURONG,PAYMENT,45,0,0,0.0,Low
2025-08-15 08:10:00+00:00,SG-JURONG,WITHDRAWAL,28,0,0,0.0,Low
2025-08-15 08:10:00+00:00,SG-WOODLANDS,TRANSFER,43,0,0,0.0,Low
2025-08-15 08:10:00+00:00,SG-WOODLANDS,PAYMENT,41,0,0,0.0,Low
2025-08-15 08:10:00+00:00,SG-WOODLANDS,WITHDRAWAL,39,1,1,0.0,Low
2025-08-15 08:20:00+00:00,SG-MAIN,TRANSFER,36,0,0,0.0,Low
2025-08-15 08:20:00+00:00,SG-MAIN,PAYMENT,64,0,0,0.0,Low
2025-08-15 08:20:00+00:00,SG-MAIN,WITHDRAWAL,40,0,0,0.0,Low
2025-08-15 08:20:00+00:00,SG-TAMP,TRANSFER,38,1,1,0.0,Low
2025-08-15 08:20:00+00:00,SG-TAMP,PAYMENT,68,0,0,0.0,Low
2025-08-15 08:20:00+00:00,SG-TAMP,WITHDRAWAL,39,0,0,0.0,Low
2025-08-15 08:20:00+00:00,SG-ORCHARD,TRANSFER,39,1,0,1404.74,Low
2025-08-15 08:20:00+00:00,SG-ORCHARD,PAYMENT,64,3,2,1199.44,Medium
2025-08-15 08:20:00+00:00,SG-ORCHARD,WITHDRAWAL,49,2,2,0.0,Low
2025-08-15 08:20:00+00:00,SG-JURONG,TRANSFER,44,1,1,0.0,Low
2025-08-15 08:20:00+00:00,SG-JURONG,PAYMENT,60,0,0,0.0,Low
2025-08-15 08:20:00+00:00,SG-JURONG,WITHDRAWAL,29,0,0,0.0,Low
2025-08-15 08:20:00+00:00,SG-WOODLANDS,TRANSFER,34,0,0,0.0,Low
2025-08-15 08:20:00+00:00,SG-WOODLANDS,PAYMENT,53,0,0,0.0,Low
2025-08-15 08:20:00+00:00,SG-WOODLANDS,WITHDRAWAL,36,0,0,0.0,Low
2025-08-15 08:30:00+00:00,SG-MAIN,TRANSFER,59,2,1,569.06,Low
2025-08-15 08:30:00+00:00,SG-MAIN,PAYMENT,60,1,0,1398.4,Low
2025-08-15 08:30:00+00:00,SG-MAIN,WITHDRAWAL,36,0,0,0.0,Low
2025-08-15 08:30:00+00:00,SG-TAMP,TRANSFER,44,2,1,1548.44,Low
2025-08-15 08:30:00+00:00,SG-TAMP,PAYMENT,83,0,0,0.0,Low
2025-08-15 08:30:00+00:00,SG-TAMP,WITHDRAWAL,26,0,0,0.0,Low
2025-08-15 08:30:00+00:00,SG-ORCHARD,TRANSFER,53,2,2,0.0,Low
2025-08-15 08:30:00+00:00,SG-ORCHARD,PAYMENT,70,2,2,0.0,Low
2025-08-15 08:30:00+00:00,SG-ORCHARD,WITHDRAWAL,34,1,1,0.0,Low
2025-08-15 08:30:00+00:00,SG-JURONG,TRANSFER,44,1,1,0.0,Low
2025-08-15 08:30:00+00:00,SG-JURONG,PAYMENT,53,0,0,0.0,Low
2025-08-15 08:30:00+00:00,SG-JURONG,WITHDRAWAL,31,0,0,0.0,Low
2025-08-15 08:30:00+00:00,SG-WOODLANDS,TRANSFER,33,0,0,0.0,Low
2025-08-15 08:30:00+00:00,SG-WOODLANDS,PAYMENT,54,0,0,0.0,Low
2025-08-15 08:30:00+00:00,SG-WOODLANDS,WITHDRAWAL,30,0,0,0.0,Low
2025-08-15 08:40:00+00:00,SG-MAIN,TRANSFER,56,2,1,1562.17,Low
2025-08-15 08:40:00+00:00,SG-MAIN,PAYMENT,60,1,1,0.0,Low
2025-08-15 08:40:00+00:00,SG-MAIN,WITHDRAWAL,31,0,0,0.0,Low
2025-08-15 08:40:00+00:00,SG-TAMP,TRANSFER,32,2,2,0.0,Low
2025-08-15 08:40:00+00:00,SG-TAMP,PAYMENT,53,0,0,0.0,Low
2025-08-15 08:40:00+00:00,SG-TAMP,WITHDRAWAL,40,0,0,0.0,Low
2025-08-15 08:40:00+00:00,SG-ORCHARD,TRANSFER,35,4,3,1314.08,Medium
2025-08-15 08:40:00+00:00,SG-ORCHARD,PAYMENT,64,1,0,552.32,Low
2025-08-15 08:40:00+00:00,SG-ORCHARD,WITHDRAWAL,39,0,0,0.0,Low
2025-08-15 08:40:00+00:00,SG-JURONG,TRANSFER,31,2,2,0.0,Low
2025-08-15 08:40:00+00:00,SG-JURONG,PAYMENT,54,0,0,0.0,Low
2025-08-15 08:40:00+00:00,SG-JURONG,WITHDRAWAL,35,1,1,0.0,Low
2025-08-15 08:40:00+00:00,SG-WOODLANDS,TRANSFER,41,0,0,0.0,Low
2025-08-15 08:40:00+00:00,SG-WOODLANDS,PAYMENT,70,2,1,1210.98,Low
2025-08-15 08:40:00+00:00,SG-WOODLANDS,WITHDRAWAL,43,0,0,0.0,Low
2025-08-15 08:50:00+00:00,SG-MAIN,TRANSFER,35,0,0,0.0,Low
2025-08-15 08:50:00+00:00,SG-MAIN,PAYMENT,66,1,1,0.0,Low
2025-08-15 08:50:00+00:00,SG-MAIN,WITHDRAWAL,33,0,0,0.0,Low
2025-08-15 08:50:00+00:00,SG-TAMP,TRANSFER,41,2,1,1288.53,Low
2025-08-15 08:50:00+00:00,SG-TAMP,PAYMENT,53,1,1,0.0,Low
2025-08-15 08:50:00+00:00,SG-TAMP,WITHDRAWAL,40,0,0,0.0,Low
2025-08-15 08:50:00+00:00,SG-ORCHARD,TRANSFER,38,0,0,0.0,Low
2025-08-15 08:50:00+00:00,SG-ORCHARD,PAYMENT,59,2,2,0.0,Low
2025-08-15 08:50:00+00:00,SG-ORCHARD,WITHDRAWAL,37,2,1,1664.19,Low
2025-08-15 08:50:00+00:00,SG-JURONG,TRANSFER,39,1,1,0.0,Low
2025-08-15 08:50:00+00:00,SG-JURONG,PAYMENT,59,0,0,0.0,Low
2025-08-15 08:50:00+00:00,SG-JURONG,WITHDRAWAL,31,0,0,0.0,Low
2025-08-15 08:50:00+00:00,SG-WOODLANDS,TRANSFER,47,0,0,0.0,Low
2025-08-15 08:50:00+00:00,SG-WOODLANDS,PAYMENT,58,0,0,0.0,Low
2025-08-15 08:50:00+00:00,SG-WOODLANDS,WITHDRAWAL,37,0,0,0.0,Low
2025-08-15 09:00:00+00:00,SG-MAIN,TRANSFER,47,0,0,0.0,Low
2025-08-15 09:00:00+00:00,SG-MAIN,PAYMENT,73,1,1,0.0,Low
2025-08-15 09:00:00+00:00,SG-MAIN,WITHDRAWAL,48,1,1,0.0,Low
2025-08-15 09:00:00+00:00,SG-TAMP,TRANSFER,35,0,0,0.0,Low
2025-08-15 09:00:00+00:00,SG-TAMP,PAYMENT,59,0,0,0.0,Low
2025-08-15 09:00:00+00:00,SG-TAMP,WITHDRAWAL,40,0,0,0.0,Low
2025-08-15 09:00:00+00:00,SG-ORCHARD,TRANSFER,38,1,0,1092.76,Low
2025-08-15 09:00:00+00:00,SG-ORCHARD,PAYMENT,69,3,2,954.93,Medium
2025-08-15 09:00:00+00:00,SG-ORCHARD,WITHDRAWAL,40,2,2,0.0,Low
2025-08-15 09:00:00+00:00,SG-JURONG,TRANSFER,48,0,0,0.0,Low
2025-08-15 09:00:00+00:00,SG-JURONG,PAYMENT,76,1,1,0.0,Low
2025-08-15 09:00:00+00:00,SG-JURONG,WITHDRAWAL,24,0,0,0.0,Low
2025-08-15 09:00:00+00:00,SG-WOODLANDS,TRANSFER,30,0,0,0.0,Low
2025-08-15 09:00:00+00:00,SG-WOODLANDS,PAYMENT,56,1,1,0.0,Low
2025-08-15 09:00:00+00:00,SG-WOODLANDS,WITHDRAWAL,41,1,1,0.0,Low
2025-08-15 09:10:00+00:00,SG-MAIN,TRANSFER,46,0,0,0.0,Low
2025-08-15 09:10:00+00:00,SG-MAIN,PAYMENT,68,1,0,611.13,Low
2025-08-15 09:10:00+00:00,SG-MAIN,WITHDRAWAL,42,1,1,0.0,Low
2025-08-15 09:10:00+00:00,SG-TAMP,TRANSFER,36,1,0,1110.57,Low
2025-08-15 09:10:00+00:00,SG-TAMP,PAYMENT,72,0,0,0.0,Low
2025-08-15 09:10:00+00:00,SG-TAMP,WITHDRAWAL,29,0,0,0.0,Low
2025-08-15 09:10:00+00:00,SG-ORCHARD,TRANSFER,50,2,2,0.0,Low
2025-08-15 09:10:00+00:00,SG-ORCHARD,PAYMENT,75,0,0,0.0,Low
2025-08-15 09:10:00+00:00,SG-ORCHARD,WITHDRAWAL,38,1,1,0.0,Low
2025-08-15 09:10:00+00:00,SG-JURONG,TRANSFER,40,1,1,0.0,Low
2025-08-15 09:10:00+00:00,SG-JURONG,PAYMENT,61,0,0,0.0,Low
2025-08-15 09:10:00+00:00,SG-JURONG,WITHDRAWAL,43,0,0,0.0,Low
2025-08-15 09:10:00+00:00,SG-WOODLANDS,TRANSFER,40,2,2,0.0,Low
2025-08-15 09:10:00+00:00,SG-WOODLANDS,PAYMENT,77,2,0,1515.98,Low
2025-08-15 09:10:00+00:00,SG-WOODLANDS,WITHDRAWAL,37,2,2,0.0,Low
2025-08-15 09:20:00+00:00,SG-MAIN,TRANSFER,46,2,0,1531.57,Low
2025-08-15 09:20:00+00:00,SG-MAIN,PAYMENT,88,0,0,0.0,Low
2025-08-15 09:20:00+00:00,SG-MAIN,WITHDRAWAL,46,0,0,0.0,Low
2025-08-15 09:20:00+00:00,SG-TAMP,TRANSFER,55,3,1,2471.72,Medium
2025-08-15 09:20:00+00:00,SG-TAMP,PAYMENT,60,0,0,0.0,Low
2025-08-15 09:20:00+00:00,SG-TAMP,WITHDRAWAL,42,0,0,0.0,Low
2025-08-15 09:20:00+00:00,SG-ORCHARD,TRANSFER,35,0,0,0.0,Low
2025-08-15 09:20:00+00:00,SG-ORCHARD,PAYMENT,74,0,0,0.0,Low
2025-08-15 09:20:00+00:00,SG-ORCHARD,WITHDRAWAL,49,0,0,0.0,Low
2025-08-15 09:20:00+00:00,SG-JURONG,TRANSFER,48,0,0,0.0,Low
2025-08-15 09:20:00+00:00,SG-JURONG,PAYMENT,63,1,0,1500.31,Low
2025-08-15 09:20:00+00:00,SG-JURONG,WITHDRAWAL,38,2,2,0.0,Low
2025-08-15 09:20:00+00:00,SG-WOODLANDS,TRANSFER,31,0,0,0.0,Low
2025-08-15 09:20:00+00:00,SG-WOODLANDS,PAYMENT,55,0,0,0.0,Low
2025-08-15 09:20:00+00:00,SG-WOODLANDS,WITHDRAWAL,30,0,0,0.0,Low
2025-08-15 09:30:00+00:00,SG-MAIN,TRANSFER,49,1,1,0.0,Low
2025-08-15 09:30:00+00:00,SG-MAIN,PAYMENT,81,2,1,1059.53,Low
2025-08-15 09:30:00+00:00,SG-MAIN,WITHDRAWAL,42,0,0,0.0,Low
2025-08-15 09:30:00+00:00,SG-TAMP,TRANSFER,43,2,1,626.11,Low
2025-08-15 09:30:00+00:00,SG-TAMP,PAYMENT,66,0,0,0.0,Low
2025-08-15 09:30:00+00:00,SG-TAMP,WITHDRAWAL,37,0,0,0.0,Low
2025-08-15 09:30:00+00:00,SG-ORCHARD,TRANSFER,65,2,1,1528.38,Low
2025-08-15 09:30:00+00:00,SG-ORCHARD,PAYMENT,74,1,1,0.0,Low
2025-08-15 09:30:00+00:00,SG-ORCHARD,WITHDRAWAL,47,1,1,0.0,Low
2025-08-15 09:30:00+00:00,SG-JURONG,TRANSFER,47,2,1,1393.94,Low
2025-08-15 09:30:00+00:00,SG-JURONG,PAYMENT,61,0,0,0.0,Low
2025-08-15 09:30:00+00:00,SG-JURONG,WITHDRAWAL,38,1,1,0.0,Low
2025-08-15 09:30:00+00:00,SG-WOODLANDS,TRANSFER,44,2,1,587.16,Low
2025-08-15 09:30:00+00:00,SG-WOODLANDS,PAYMENT,74,1,1,0.0,Low
2025-08-15 09:30:00+00:00,SG-WOODLANDS,WITHDRAWAL,36,0,0,0.0,Low
2025-08-15 09:40:00+00:00,SG-MAIN,TRANSFER,62,1,1,0.0,Low
2025-08-15 09:40:00+00:00,SG-MAIN,PAYMENT,73,0,0,0.0,Low
2025-08-15 09:40:00+00:00,SG-MAIN,WITHDRAWAL,51,0,0,0.0,Low
2025-08-15 09:40:00+00:00,SG-TAMP,TRANSFER,40,2,2,0.0,Low
2025-08-15 09:40:00+00:00,SG-TAMP,PAYMENT,70,0,0,0.0,Low
2025-08-15 09:40:00+00:00,SG-TAMP,WITHDRAWAL,49,2,2,0.0,Low
2025-08-15 09:40:00+00:00,SG-ORCHARD,TRANSFER,48,1,0,312.27,Low
2025-08-15 09:40:00+00:00,SG-ORCHARD,PAYMENT,75,1,1,0.0,Low
2025-08-15 09:40:00+00:00,SG-ORCHARD,WITHDRAWAL,49,2,1,984.06,Low
2025-08-15 09:40:00+00:00,SG-JURONG,TRANSFER,50,2,2,0.0,Low
2025-08-15 09:40:00+00:00,SG-JURONG,PAYMENT,75,1,1,0.0,Low
2025-08-15 09:40:00+00:00,SG-JURONG,WITHDRAWAL,43,0,0,0.0,Low
2025-08-15 09:40:00+00:00,SG-WOODLANDS,TRANSFER,42,1,0,551.22,Low
2025-08-15 09:40:00+00:00,SG-WOODLANDS,PAYMENT,67,1,0,794.85,Low
2025-08-15 09:40:00+00:00,SG-WOODLANDS,WITHDRAWAL,42,0,0,0.0,Low
2025-08-15 09:50:00+00:00,SG-MAIN,TRANSFER,60,3,3,0.0,Medium
2025-08-15 09:50:00+00:00,SG-MAIN,PAYMENT,84,0,0,0.0,Low
2025-08-15 09:50:00+00:00,SG-MAIN,WITHDRAWAL,43,0,0,0.0,Low
2025-08-15 09:50:00+00:00,SG-TAMP,TRANSFER,49,3,3,0.0,Medium
2025-08-15 09:50:00+00:00,SG-TAMP,PAYMENT,59,0,0,0.0,Low
2025-08-15 09:50:00+00:00,SG-TAMP,WITHDRAWAL,35,0,0,0.0,Low
2025-08-15 09:50:00+00:00,SG-ORCHARD,TRANSFER,55,2,1,734.05,Low
2025-08-15 09:50:00+00:00,SG-ORCHARD,PAYMENT,65,3,2,586.22,Medium
2025-08-15 09:50:00+00:00,SG-ORCHARD,WITHDRAWAL,42,1,1,0.0,Low
2025-08-15 09:50:00+00:00,SG-JURONG,TRANSFER,56,1,1,0.0,Low
2025-08-15 09:50:00+00:00,SG-JURONG,PAYMENT,54,0,0,0.0,Low
2025-08-15 09:50:00+00:00,SG-JURONG,WITHDRAWAL,37,0,0,0.0,Low
2025-08-15 09:50:00+00:00,SG-WOODLANDS,TRANSFER,51,2,1,584.64,Low
2025-08-15 09:50:00+00:00,SG-WOODLANDS,PAYMENT,54,1,1,0.0,Low
2025-08-15 09:50:00+00:00,SG-WOODLANDS,WITHDRAWAL,34,1,1,0.0,Low
2025-08-15 10:00:00+00:00,SG-MAIN,TRANSFER,48,0,0,0.0,Low
2025-08-15 10:00:00+00:00,SG-MAIN,PAYMENT,72,0,0,0.0,Low
2025-08-15 10:00:00+00:00,SG-MAIN,WITHDRAWAL,43,0,0,0.0,Low
2025-08-15 10:00:00+00:00,SG-TAMP,TRANSFER,60,0,0,0.0,Low
2025-08-15 10:00:00+00:00,SG-TAMP,PAYMENT,68,0,0,0.0,Low
2025-08-15 10:00:00+00:00,SG-TAMP,WITHDRAWAL,38,0,0,0.0,Low
2025-08-15 10:00:00+00:00,SG-ORCHARD,TRANSFER,56,1,0,1595.57,Low
2025-08-15 10:00:00+00:00,SG-ORCHARD,PAYMENT,71,0,0,0.0,Low
2025-08-15 10:00:00+00:00,SG-ORCHARD,WITHDRAWAL,30,0,0,0.0,Low
2025-08-15 10:00:00+00:00,SG-JURONG,TRANSFER,45,0,0,0.0,Low
2025-08-15 10:00:00+00:00,SG-JURONG,PAYMENT,53,2,1,760.77,Low
2025-08-15 10:00:00+00:00,SG-JURONG,WITHDRAWAL,29,1,1,0.0,Low
2025-08-15 10:00:00+00:00,SG-WOODLANDS,TRANSFER,40,0,0,0.0,Low
2025-08-15 10:00:00+00:00,SG-WOODLANDS,PAYMENT,61,0,0,0.0,Low
2025-08-15 10:00:00+00:00,SG-WOODLANDS,WITHDRAWAL,38,0,0,0.0,Low
2025-08-15 10:10:00+00:00,SG-MAIN,TRANSFER,46,2,2,0.0,Low
2025-08-15 10:10:00+00:00,SG-MAIN,PAYMENT,84,1,0,1387.33,Low
2025-08-15 10:10:00+00:00,SG-MAIN,WITHDRAWAL,53,1,0,1690.27,Low
2025-08-15 10:10:00+00:00,SG-TAMP,TRANSFER,50,1,0,844.68,Low
2025-08-15 10:10:00+00:00,SG-TAMP,PAYMENT,93,1,0,1692.95,Low
2025-08-15 10:10:00+00:00,SG-TAMP,WITHDRAWAL,51,1,1,0.0,Low
2025-08-15 10:10:00+00:00,SG-ORCHARD,TRANSFER,59,2,2,0.0,Low
2025-08-15 10:10:00+00:00,SG-ORCHARD,PAYMENT,77,1,1,0.0,Low
2025-08-15 10:10:00+00:00,SG-ORCHARD,WITHDRAWAL,54,0,0,0.0,Low
2025-08-15 10:10:00+00:00,SG-JURONG,TRANSFER,36,0,0,0.0,Low
2025-08-15 10:10:00+00:00,SG-JURONG,PAYMENT,74,0,0,0.0,Low
2025-08-15 10:10:00+00:00,SG-JURONG,WITHDRAWAL,34,1,1,0.0,Low
2025-08-15 10:10:00+00:00,SG-WOODLANDS,TRANSFER,34,0,0,0.0,Low
2025-08-15 10:10:00+00:00,SG-WOODLANDS,PAYMENT,71,0,0,0.0,Low
2025-08-15 10:10:00+00:00,SG-WOODLANDS,WITHDRAWAL,40,2,0,2757.48,Low
2025-08-15 10:20:00+00:00,SG-MAIN,TRANSFER,63,2,2,0.0,Low
2025-08-15 10:20:00+00:00,SG-MAIN,PAYMENT,64,2,2,0.0,Low
2025-08-15 10:20:00+00:00,SG-MAIN,WITHDRAWAL,46,3,3,0.0,Medium
2025-08-15 10:20:00+00:00,SG-TAMP,TRANSFER,47,0,0,0.0,Low
2025-08-15 10:20:00+00:00,SG-TAMP,PAYMENT,67,0,0,0.0,Low
2025-08-15 10:20:00+00:00,SG-TAMP,WITHDRAWAL,43,1,0,817.67,Low
2025-08-15 10:20:00+00:00,SG-ORCHARD,TRANSFER,50,1,1,0.0,Low
2025-08-15 10:20:00+00:00,SG-ORCHARD,PAYMENT,68,0,0,0.0,Low
2025-08-15 10:20:00+00:00,SG-ORCHARD,WITHDRAWAL,48,3,2,1073.83,Medium
2025-08-15 10:20:00+00:00,SG-JURONG,TRANSFER,39,0,0,0.0,Low
2025-08-15 10:20:00+00:00,SG-JURONG,PAYMENT,66,0,0,0.0,Low
2025-08-15 10:20:00+00:00,SG-JURONG,WITHDRAWAL,35,1,0,1174.62,Low
2025-08-15 10:20:00+00:00,SG-WOODLANDS,TRANSFER,46,2,1,574.84,Low
2025-08-15 10:20:00+00:00,SG-WOODLANDS,PAYMENT,60,1,1,0.0,Low
2025-08-15 10:20:00+00:00,SG-WOODLANDS,WITHDRAWAL,40,0,0,0.0,Low
2025-08-15 10:30:00+00:00,SG-MAIN,TRANSFER,52,2,2,0.0,Low
2025-08-15 10:30:00+00:00,SG-MAIN,PAYMENT,88,1,1,0.0,Low
2025-08-15 10:30:00+00:00,SG-MAIN,WITHDRAWAL,50,3,2,1350.3,Medium
2025-08-15 10:30:00+00:00,SG-TAMP,TRANSFER,56,1,1,0.0,Low
2025-08-15 10:30:00+00:00,SG-TAMP,PAYMENT,67,0,0,0.0,Low
2025-08-15 10:30:00+00:00,SG-TAMP,WITHDRAWAL,44,1,1,0.0,Low
2025-08-15 10:30:00+00:00,SG-ORCHARD,TRANSFER,60,2,2,0.0,Low
2025-08-15 10:30:00+00:00,SG-ORCHARD,PAYMENT,83,3,3,0.0,Medium
2025-08-15 10:30:00+00:00,SG-ORCHARD,WITHDRAWAL,47,1,1,0.0,Low
2025-08-15 10:30:00+00:00,SG-JURONG,TRANSFER,46,0,0,0.0,Low
2025-08-15 10:30:00+00:00,SG-JURONG,PAYMENT,67,2,2,0.0,Low
2025-08-15 10:30:00+00:00,SG-JURONG,WITHDRAWAL,39,2,1,898.89,Low
2025-08-15 10:30:00+00:00,SG-WOODLANDS,TRANSFER,69,5,3,2228.62,Medium
2025-08-15 10:30:00+00:00,SG-WOODLANDS,PAYMENT,55,0,0,0.0,Low
2025-08-15 10:30:00+00:00,SG-WOODLANDS,WITHDRAWAL,38,1,1,0.0,Low
2025-08-15 10:40:00+00:00,SG-MAIN,TRANSFER,55,0,0,0.0,Low
2025-08-15 10:40:00+00:00,SG-MAIN,PAYMENT,69,1,1,0.0,Low
2025-08-15 10:40:00+00:00,SG-MAIN,WITHDRAWAL,44,1,0,1038.99,Low
2025-08-15 10:40:00+00:00,SG-TAMP,TRANSFER,59,1,0,769.11,Low
2025-08-15 10:40:00+00:00,SG-TAMP,PAYMENT,71,0,0,0.0,Low
2025-08-15 10:40:00+00:00,SG-TAMP,WITHDRAWAL,43,0,0,0.0,Low
2025-08-15 10:40:00+00:00,SG-ORCHARD,TRANSFER,49,1,0,468.35,Low
2025-08-15 10:40:00+00:00,SG-ORCHARD,PAYMENT,81,2,2,0.0,Low
2025-08-15 10:40:00+00:00,SG-ORCHARD,WITHDRAWAL,57,1,1,0.0,Low
2025-08-15 10:40:00+00:00,SG-JURONG,TRANSFER,44,1,1,0.0,Low
2025-08-15 10:40:00+00:00,SG-JURONG,PAYMENT,56,0,0,0.0,Low
2025-08-15 10:40:00+00:00,SG-JURONG,WITHDRAWAL,34,0,0,0.0,Low
2025-08-15 10:40:00+00:00,SG-WOODLANDS,TRANSFER,56,0,0,0.0,Low
2025-08-15 10:40:00+00:00,SG-WOODLANDS,PAYMENT,77,0,0,0.0,Low
2025-08-15 10:40:00+00:00,SG-WOODLANDS,WITHDRAWAL,42,1,0,1710.82,Low
2025-08-15 10:50:00+00:00,SG-MAIN,TRANSFER,46,1,1,0.0,Low
2025-08-15 10:50:00+00:00,SG-MAIN,PAYMENT,87,0,0,0.0,Low
2025-08-15 10:50:00+00:00,SG-MAIN,WITHDRAWAL,36,0,0,0.0,Low
2025-08-15 10:50:00+00:00,SG-TAMP,TRANSFER,51,3,3,0.0,Medium
2025-08-15 10:50:00+00:00,SG-TAMP,PAYMENT,74,0,0,0.0,Low
2025-08-15 10:50:00+00:00,SG-TAMP,WITHDRAWAL,37,0,0,0.0,Low
2025-08-15 10:50:00+00:00,SG-ORCHARD,TRANSFER,56,0,0,0.0,Low
2025-08-15 10:50:00+00:00,SG-ORCHARD,PAYMENT,78,0,0,0.0,Low
2025-08-15 10:50:00+00:00,SG-ORCHARD,WITHDRAWAL,44,0,0,0.0,Low
2025-08-15 10:50:00+00:00,SG-JURONG,TRANSFER,48,0,0,0.0,Low
2025-08-15 10:50:00+00:00,SG-JURONG,PAYMENT,63,0,0,0.0,Low
2025-08-15 10:50:00+00:00,SG-JURONG,WITHDRAWAL,40,0,0,0.0,Low
2025-08-15 10:50:00+00:00,SG-WOODLANDS,TRANSFER,52,2,2,0.0,Low
2025-08-15 10:50:00+00:00,SG-WOODLANDS,PAYMENT,67,0,0,0.0,Low
2025-08-15 10:50:00+00:00,SG-WOODLANDS,WITHDRAWAL,31,0,0,0.0,Low
2025-08-15 11:00:00+00:00,SG-MAIN,TRANSFER,53,3,3,0.0,Medium
2025-08-15 11:00:00+00:00,SG-MAIN,PAYMENT,84,0,0,0.0,Low
2025-08-15 11:00:00+00:00,SG-MAIN,WITHDRAWAL,47,1,1,0.0,Low
2025-08-15 11:00:00+00:00,SG-TAMP,TRANSFER,46,2,1,1710.78,Low
2025-08-15 11:00:00+00:00,SG-TAMP,PAYMENT,79,0,0,0.0,Low
2025-08-15 11:00:00+00:00,SG-TAMP,WITHDRAWAL,54,0,0,0.0,Low
2025-08-15 11:00:00+00:00,SG-ORCHARD,TRANSFER,60,0,0,0.0,Low
2025-08-15 11:00:00+00:00,SG-ORCHARD,PAYMENT,78,2,2,0.0,Low
2025-08-15 11:00:00+00:00,SG-ORCHARD,WITHDRAWAL,54,2,2,0.0,Low
2025-08-15 11:00:00+00:00,SG-JURONG,TRANSFER,63,1,1,0.0,Low
2025-08-15 11:00:00+00:00,SG-JURONG,PAYMENT,65,1,0,1243.98,Low
2025-08-15 11:00:00+00:00,SG-JURONG,WITHDRAWAL,42,1,0,612.3,Low
2025-08-15 11:00:00+00:00,SG-WOODLANDS,TRANSFER,64,2,0,1693.55,Low
2025-08-15 11:00:00+00:00,SG-WOODLANDS,PAYMENT,69,1,1,0.0,Low
2025-08-15 11:00:00+00:00,SG-WOODLANDS,WITHDRAWAL,33,1,1,0.0,Low
2025-08-15 11:10:00+00:00,SG-MAIN,TRANSFER,50,1,1,0.0,Low
2025-08-15 11:10:00+00:00,SG-MAIN,PAYMENT,85,1,1,0.0,Low
2025-08-15 11:10:00+00:00,SG-MAIN,WITHDRAWAL,43,0,0,0.0,Low
2025-08-15 11:10:00+00:00,SG-TAMP,TRANSFER,54,1,1,0.0,Low
2025-08-15 11:10:00+00:00,SG-TAMP,PAYMENT,60,0,0,0.0,Low
2025-08-15 11:10:00+00:00,SG-TAMP,WITHDRAWAL,49,0,0,0.0,Low
2025-08-15 11:10:00+00:00,SG-ORCHARD,TRANSFER,51,2,1,1273.75,Low
2025-08-15 11:10:00+00:00,SG-ORCHARD,PAYMENT,96,1,1,0.0,Low
2025-08-15 11:10:00+00:00,SG-ORCHARD,WITHDRAWAL,43,0,0,0.0,Low
2025-08-15 11:10:00+00:00,SG-JURONG,TRANSFER,55,3,2,660.33,Medium
2025-08-15 11:10:00+00:00,SG-JURONG,PAYMENT,81,0,0,0.0,Low
2025-08-15 11:10:00+00:00,SG-JURONG,WITHDRAWAL,47,1,0,654.21,Low
2025-08-15 11:10:00+00:00,SG-WOODLANDS,TRANSFER,48,2,1,767.22,Low
2025-08-15 11:10:00+00:00,SG-WOODLANDS,PAYMENT,68,1,0,1348.31,Low
2025-08-15 11:10:00+00:00,SG-WOODLANDS,WITHDRAWAL,42,0,0,0.0,Low
2025-08-15 11:20:00+00:00,SG-MAIN,TRANSFER,59,2,1,1311.58,Low
2025-08-15 11:20:00+00:00,SG-MAIN,PAYMENT,92,1,1,0.0,Low
2025-08-15 11:20:00+00:00,SG-MAIN,WITHDRAWAL,46,0,0,0.0,Low
2025-08-15 11:20:00+00:00,SG-TAMP,TRANSFER,52,0,0,0.0,Low
2025-08-15 11:20:00+00:00,SG-TAMP,PAYMENT,77,0,0,0.0,Low
2025-08-15 11:20:00+00:00,SG-TAMP,WITHDRAWAL,46,2,2,0.0,Low
2025-08-15 11:20:00+00:00,SG-ORCHARD,TRANSFER,57,2,2,0.0,Low
2025-08-15 11:20:00+00:00,SG-ORCHARD,PAYMENT,93,1,1,0.0,Low
2025-08-15 11:20:00+00:00,SG-ORCHARD,WITHDRAWAL,49,3,2,1792.73,Medium
2025-08-15 11:20:00+00:00,SG-JURONG,TRANSFER,47,1,1,0.0,Low
2025-08-15 11:20:00+00:00,SG-JURONG,PAYMENT,85,0,0,0.0,Low
2025-08-15 11:20:00+00:00,SG-JURONG,WITHDRAWAL,46,2,1,294.95,Low
2025-08-15 11:20:00+00:00,SG-WOODLANDS,TRANSFER,39,1,1,0.0,Low
2025-08-15 11:20:00+00:00,SG-WOODLANDS,PAYMENT,74,1,1,0.0,Low
2025-08-15 11:20:00+00:00,SG-WOODLANDS,WITHDRAWAL,40,1,1,0.0,Low
2025-08-15 11:30:00+00:00,SG-MAIN,TRANSFER,48,2,2,0.0,Low
2025-08-15 11:30:00+00:00,SG-MAIN,PAYMENT,87,1,1,0.0,Low
2025-08-15 11:30:00+00:00,SG-MAIN,WITHDRAWAL,35,0,0,0.0,Low
2025-08-15 11:30:00+00:00,SG-TAMP,TRANSFER,59,1,1,0.0,Low
2025-08-15 11:30:00+00:00,SG-TAMP,PAYMENT,78,1,1,0.0,Low
2025-08-15 11:30:00+00:00,SG-TAMP,WITHDRAWAL,38,0,0,0.0,Low
2025-08-15 11:30:00+00:00,SG-ORCHARD,TRANSFER,49,3,2,416.45,Medium
2025-08-15 11:30:00+00:00,SG-ORCHARD,PAYMENT,84,3,3,0.0,Medium
2025-08-15 11:30:00+00:00,SG-ORCHARD,WITHDRAWAL,53,0,0,0.0,Low
2025-08-15 11:30:00+00:00,SG-JURONG,TRANSFER,44,2,1,1220.92,Low
2025-08-15 11:30:00+00:00,SG-JURONG,PAYMENT,80,0,0,0.0,Low
2025-08-15 11:30:00+00:00,SG-JURONG,WITHDRAWAL,43,0,0,0.0,Low
2025-08-15 11:30:00+00:00,SG-WOODLANDS,TRANSFER,57,0,0,0.0,Low
2025-08-15 11:30:00+00:00,SG-WOODLANDS,PAYMENT,77,0,0,0.0,Low
2025-08-15 11:30:00+00:00,SG-WOODLANDS,WITHDRAWAL,34,1,1,0.0,Low
2025-08-15 11:40:00+00:00,SG-MAIN,TRANSFER,79,5,2,3360.4,Medium
2025-08-15 11:40:00+00:00,SG-MAIN,PAYMENT,85,2,1,1391.65,Low
2025-08-15 11:40:00+00:00,SG-MAIN,WITHDRAWAL,56,0,0,0.0,Low
2025-08-15 11:40:00+00:00,SG-TAMP,TRANSFER,64,2,2,0.0,Low
2025-08-15 11:40:00+00:00,SG-TAMP,PAYMENT,73,0,0,0.0,Low
2025-08-15 11:40:00+00:00,SG-TAMP,WITHDRAWAL,55,2,2,0.0,Low
2025-08-15 11:40:00+00:00,SG-ORCHARD,TRANSFER,46,0,0,0.0,Low
2025-08-15 11:40:00+00:00,SG-ORCHARD,PAYMENT,86,1,1,0.0,Low
2025-08-15 11:40:00+00:00,SG-ORCHARD,WITHDRAWAL,50,1,1,0.0,Low
2025-08-15 11:40:00+00:00,SG-JURONG,TRANSFER,49,0,0,0.0,Low
2025-08-15 11:40:00+00:00,SG-JURONG,PAYMENT,75,2,1,994.2,Low
2025-08-15 11:40:00+00:00,SG-JURONG,WITHDRAWAL,49,1,1,0.0,Low
2025-08-15 11:40:00+00:00,SG-WOODLANDS,TRANSFER,47,1,1,0.0,Low
2025-08-15 11:40:00+00:00,SG-WOODLANDS,PAYMENT,52,0,0,0.0,Low
2025-08-15 11:40:00+00:00,SG-WOODLANDS,WITHDRAWAL,28,1,1,0.0,Low
2025-08-15 11:50:00+00:00,SG-MAIN,TRANSFER,61,0,0,0.0,Low
2025-08-15 11:50:00+00:00,SG-MAIN,PAYMENT,73,0,0,0.0,Low
2025-08-15 11:50:00+00:00,SG-MAIN,WITHDRAWAL,50,0,0,0.0,Low
2025-08-15 11:50:00+00:00,SG-TAMP,TRANSFER,41,0,0,0.0,Low
2025-08-15 11:50:00+00:00,SG-TAMP,PAYMENT,90,2,2,0.0,Low
2025-08-15 11:50:00+00:00,SG-TAMP,WITHDRAWAL,45,0,0,0.0,Low
2025-08-15 11:50:00+00:00,SG-ORCHARD,TRANSFER,60,5,3,1237.02,Medium
2025-08-15 11:50:00+00:00,SG-ORCHARD,PAYMENT,86,1,1,0.0,Low
2025-08-15 11:50:00+00:00,SG-ORCHARD,WITHDRAWAL,39,0,0,0.0,Low
2025-08-15 11:50:00+00:00,SG-JURONG,TRANSFER,54,2,2,0.0,Low
2025-08-15 11:50:00+00:00,SG-JURONG,PAYMENT,86,1,1,0.0,Low
2025-08-15 11:50:00+00:00,SG-JURONG,WITHDRAWAL,37,1,0,629.46,Low
2025-08-15 11:50:00+00:00,SG-WOODLANDS,TRANSFER,41,1,1,0.0,Low
2025-08-15 11:50:00+00:00,SG-WOODLANDS,PAYMENT,77,1,1,0.0,Low
2025-08-15 11:50:00+00:00,SG-WOODLANDS,WITHDRAWAL,40,1,1,0.0,Low
2025-08-15 12:00:00+00:00,SG-MAIN,TRANSFER,68,3,3,0.0,Medium
2025-08-15 12:00:00+00:00,SG-MAIN,PAYMENT,79,1,0,751.02,Low
2025-08-15 12:00:00+00:00,SG-MAIN,WITHDRAWAL,60,1,1,0.0,Low
2025-08-15 12:00:00+00:00,SG-TAMP,TRANSFER,61,1,0,1018.32,Low
2025-08-15 12:00:00+00:00,SG-TAMP,PAYMENT,78,0,0,0.0,Low
2025-08-15 12:00:00+00:00,SG-TAMP,WITHDRAWAL,48,1,1,0.0,Low
2025-08-15 12:00:00+00:00,SG-ORCHARD,TRANSFER,52,1,1,0.0,Low
2025-08-15 12:00:00+00:00,SG-ORCHARD,PAYMENT,79,2,2,0.0,Low
2025-08-15 12:00:00+00:00,SG-ORCHARD,WITHDRAWAL,51,2,2,0.0,Low
2025-08-15 12:00:00+00:00,SG-JURONG,TRANSFER,48,0,0,0.0,Low
2025-08-15 12:00:00+00:00,SG-JURONG,PAYMENT,69,2,2,0.0,Low
2025-08-15 12:00:00+00:00,SG-JURONG,WITHDRAWAL,42,0,0,0.0,Low
2025-08-15 12:00:00+00:00,SG-WOODLANDS,TRANSFER,51,2,0,2447.28,Low
2025-08-15 12:00:00+00:00,SG-WOODLANDS,PAYMENT,71,0,0,0.0,Low
2025-08-15 12:00:00+00:00,SG-WOODLANDS,WITHDRAWAL,42,1,1,0.0,Low
2025-08-15 12:10:00+00:00,SG-MAIN,TRANSFER,59,4,4,0.0,Medium
2025-08-15 12:10:00+00:00,SG-MAIN,PAYMENT,75,1,0,515.6,Low
2025-08-15 12:10:00+00:00,SG-MAIN,WITHDRAWAL,61,1,1,0.0,Low
2025-08-15 12:10:00+00:00,SG-TAMP,TRANSFER,55,1,1,0.0,Low
2025-08-15 12:10:00+00:00,SG-TAMP,PAYMENT,77,1,1,0.0,Low
2025-08-15 12:10:00+00:00,SG-TAMP,WITHDRAWAL,54,1,1,0.0,Low
2025-08-15 12:10:00+00:00,SG-ORCHARD,TRANSFER,55,2,1,1793.49,Low
2025-08-15 12:10:00+00:00,SG-ORCHARD,PAYMENT,71,0,0,0.0,Low
2025-08-15 12:10:00+00:00,SG-ORCHARD,WITHDRAWAL,49,2,1,151.67,Low
2025-08-15 12:10:00+00:00,SG-JURONG,TRANSFER,52,1,1,0.0,Low
2025-08-15 12:10:00+00:00,SG-JURONG,PAYMENT,72,0,0,0.0,Low
2025-08-15 12:10:00+00:00,SG-JURONG,WITHDRAWAL,49,1,1,0.0,Low
2025-08-15 12:10:00+00:00,SG-WOODLANDS,TRANSFER,60,0,0,0.0,Low
2025-08-15 12:10:00+00:00,SG-WOODLANDS,PAYMENT,65,0,0,0.0,Low
2025-08-15 12:10:00+00:00,SG-WOODLANDS,WITHDRAWAL,46,0,0,0.0,Low
2025-08-15 12:20:00+00:00,SG-MAIN,TRANSFER,59,3,2,1057.25,Medium
2025-08-15 12:20:00+00:00,SG-MAIN,PAYMENT,93,0,0,0.0,Low
2025-08-15 12:20:00+00:00,SG-MAIN,WITHDRAWAL,51,0,0,0.0,Low
2025-08-15 12:20:00+00:00,SG-TAMP,TRANSFER,59,1,1,0.0,Low
2025-08-15 12:20:00+00:00,SG-TAMP,PAYMENT,83,0,0,0.0,Low
2025-08-15 12:20:00+00:00,SG-TAMP,WITHDRAWAL,43,0,0,0.0,Low
2025-08-15 12:20:00+00:00,SG-ORCHARD,TRANSFER,57,5,4,1339.19,Medium
2025-08-15 12:20:00+00:00,SG-ORCHARD,PAYMENT,79,1,1,0.0,Low
2025-08-15 12:20:00+00:00,SG-ORCHARD,WITHDRAWAL,53,2,1,1336.5,Low
2025-08-15 12:20:00+00:00,SG-JURONG,TRANSFER,48,0,0,0.0,Low
2025-08-15 12:20:00+00:00,SG-JURONG,PAYMENT,79,0,0,0.0,Low
2025-08-15 12:20:00+00:00,SG-JURONG,WITHDRAWAL,45,0,0,0.0,Low
2025-08-15 12:20:00+00:00,SG-WOODLANDS,TRANSFER,60,1,0,440.28,Low
2025-08-15 12:20:00+00:00,SG-WOODLANDS,PAYMENT,80,0,0,0.0,Low
2025-08-15 12:20:00+00:00,SG-WOODLANDS,WITHDRAWAL,30,1,0,1768.52,Low
2025-08-15 12:30:00+00:00,SG-MAIN,TRANSFER,65,2,1,1201.51,Low
2025-08-15 12:30:00+00:00,SG-MAIN,PAYMENT,100,1,0,460.57,Low
2025-08-15 12:30:00+00:00,SG-MAIN,WITHDRAWAL,49,0,0,0.0,Low
2025-08-15 12:30:00+00:00,SG-TAMP,TRANSFER,54,3,0,3171.4,Medium
2025-08-15 12:30:00+00:00,SG-TAMP,PAYMENT,90,0,0,0.0,Low
2025-08-15 12:30:00+00:00,SG-TAMP,WITHDRAWAL,42,0,0,0.0,Low
2025-08-15 12:30:00+00:00,SG-ORCHARD,TRANSFER,56,0,0,0.0,Low
2025-08-15 12:30:00+00:00,SG-ORCHARD,PAYMENT,86,1,1,0.0,Low
2025-08-15 12:30:00+00:00,SG-ORCHARD,WITHDRAWAL,64,3,3,0.0,Medium
2025-08-15 12:30:00+00:00,SG-JURONG,TRANSFER,56,1,1,0.0,Low
2025-08-15 12:30:00+00:00,SG-JURONG,PAYMENT,69,0,0,0.0,Low
2025-08-15 12:30:00+00:00,SG-JURONG,WITHDRAWAL,40,1,1,0.0,Low
2025-08-15 12:30:00+00:00,SG-WOODLANDS,TRANSFER,47,0,0,0.0,Low
2025-08-15 12:30:00+00:00,SG-WOODLANDS,PAYMENT,63,0,0,0.0,Low
2025-08-15 12:30:00+00:00,SG-WOODLANDS,WITHDRAWAL,41,0,0,0.0,Low
2025-08-15 12:40:00+00:00,SG-MAIN,TRANSFER,54,1,0,1468.45,Low
2025-08-15 12:40:00+00:00,SG-MAIN,PAYMENT,74,0,0,0.0,Low
2025-08-15 12:40:00+00:00,SG-MAIN,WITHDRAWAL,40,0,0,0.0,Low
2025-08-15 12:40:00+00:00,SG-TAMP,TRANSFER,55,1,1,0.0,Low
2025-08-15 12:40:00+00:00,SG-TAMP,PAYMENT,88,2,2,0.0,Low
2025-08-15 12:40:00+00:00,SG-TAMP,WITHDRAWAL,38,0,0,0.0,Low
2025-08-15 12:40:00+00:00,SG-ORCHARD,TRANSFER,55,0,0,0.0,Low
2025-08-15 12:40:00+00:00,SG-ORCHARD,PAYMENT,72,0,0,0.0,Low
2025-08-15 12:40:00+00:00,SG-ORCHARD,WITHDRAWAL,47,1,0,1344.04,Low
2025-08-15 12:40:00+00:00,SG-JURONG,TRANSFER,53,2,1,791.92,Low
2025-08-15 12:40:00+00:00,SG-JURONG,PAYMENT,79,0,0,0.0,Low
2025-08-15 12:40:00+00:00,SG-JURONG,WITHDRAWAL,44,2,2,0.0,Low
2025-08-15 12:40:00+00:00,SG-WOODLANDS,TRANSFER,47,0,0,0.0,Low
2025-08-15 12:40:00+00:00,SG-WOODLANDS,PAYMENT,66,0,0,0.0,Low
2025-08-15 12:40:00+00:00,SG-WOODLANDS,WITHDRAWAL,34,1,1,0.0,Low
2025-08-15 12:50:00+00:00,SG-MAIN,TRANSFER,64,2,2,0.0,Low
2025-08-15 12:50:00+00:00,SG-MAIN,PAYMENT,83,1,1,0.0,Low
2025-08-15 12:50:00+00:00,SG-MAIN,WITHDRAWAL,50,0,0,0.0,Low
2025-08-15 12:50:00+00:00,SG-TAMP,TRANSFER,58,1,0,555.6,Low
2025-08-15 12:50:00+00:00,SG-TAMP,PAYMENT,82,0,0,0.0,Low
2025-08-15 12:50:00+00:00,SG-TAMP,WITHDRAWAL,58,0,0,0.0,Low
2025-08-15 12:50:00+00:00,SG-ORCHARD,TRANSFER,73,3,3,0.0,Medium
2025-08-15 12:50:00+00:00,SG-ORCHARD,PAYMENT,73,0,0,0.0,Low
2025-08-15 12:50:00+00:00,SG-ORCHARD,WITHDRAWAL,44,0,0,0.0,Low
2025-08-15 12:50:00+00:00,SG-JURONG,TRANSFER,40,1,1,0.0,Low
2025-08-15 12:50:00+00:00,SG-JURONG,PAYMENT,86,0,0,0.0,Low
2025-08-15 12:50:00+00:00,SG-JURONG,WITHDRAWAL,44,0,0,0.0,Low
2025-08-15 12:50:00+00:00,SG-WOODLANDS,TRANSFER,63,1,0,229.56,Low
2025-08-15 12:50:00+00:00,SG-WOODLANDS,PAYMENT,87,1,0,972.3,Low
2025-08-15 12:50:00+00:00,SG-WOODLANDS,WITHDRAWAL,40,1,1,0.0,Low
2025-08-15 13:00:00+00:00,SG-MAIN,TRANSFER,54,2,2,0.0,Low
2025-08-15 13:00:00+00:00,SG-MAIN,PAYMENT,85,0,0,0.0,Low
2025-08-15 13:00:00+00:00,SG-MAIN,WITHDRAWAL,54,5,2,4426.06,Medium
2025-08-15 13:00:00+00:00,SG-TAMP,TRANSFER,52,0,0,0.0,Low
2025-08-15 13:00:00+00:00,SG-TAMP,PAYMENT,84,0,0,0.0,Low
2025-08-15 13:00:00+00:00,SG-TAMP,WITHDRAWAL,42,0,0,0.0,Low
2025-08-15 13:00:00+00:00,SG-ORCHARD,TRANSFER,60,3,2,470.66,Medium
2025-08-15 13:00:00+00:00,SG-ORCHARD,PAYMENT,64,1,0,806.45,Low
2025-08-15 13:00:00+00:00,SG-ORCHARD,WITHDRAWAL,52,1,1,0.0,Low
2025-08-15 13:00:00+00:00,SG-JURONG,TRANSFER,57,3,2,146.74,Medium
2025-08-15 13:00:00+00:00,SG-JURONG,PAYMENT,68,0,0,0.0,Low
2025-08-15 13:00:00+00:00,SG-JURONG,WITHDRAWAL,45,0,0,0.0,Low
2025-08-15 13:00:00+00:00,SG-WOODLANDS,TRANSFER,54,1,1,0.0,Low
2025-08-15 13:00:00+00:00,SG-WOODLANDS,PAYMENT,62,1,0,1117.27,Low
2025-08-15 13:00:00+00:00,SG-WOODLANDS,WITHDRAWAL,38,1,1,0.0,Low
2025-08-15 13:10:00+00:00,SG-MAIN,TRANSFER,70,0,0,0.0,Low
2025-08-15 13:10:00+00:00,SG-MAIN,PAYMENT,74,2,2,0.0,Low
2025-08-15 13:10:00+00:00,SG-MAIN,WITHDRAWAL,46,0,0,0.0,Low
2025-08-15 13:10:00+00:00,SG-TAMP,TRANSFER,51,1,1,0.0,Low
2025-08-15 13:10:00+00:00,SG-TAMP,PAYMENT,87,1,0,330.55,Low
2025-08-15 13:10:00+00:00,SG-TAMP,WITHDRAWAL,45,0,0,0.0,Low
2025-08-15 13:10:00+00:00,SG-ORCHARD,TRANSFER,55,3,3,0.0,Medium
2025-08-15 13:10:00+00:00,SG-ORCHARD,PAYMENT,93,0,0,0.0,Low
2025-08-15 13:10:00+00:00,SG-ORCHARD,WITHDRAWAL,45,1,1,0.0,Low
2025-08-15 13:10:00+00:00,SG-JURONG,TRANSFER,52,1,1,0.0,Low
2025-08-15 13:10:00+00:00,SG-JURONG,PAYMENT,76,0,0,0.0,Low
2025-08-15 13:10:00+00:00,SG-JURONG,WITHDRAWAL,47,0,0,0.0,Low
2025-08-15 13:10:00+00:00,SG-WOODLANDS,TRANSFER,42,1,1,0.0,Low
2025-08-15 13:10:00+00:00,SG-WOODLANDS,PAYMENT,59,0,0,0.0,Low
2025-08-15 13:10:00+00:00,SG-WOODLANDS,WITHDRAWAL,37,0,0,0.0,Low
2025-08-15 13:20:00+00:00,SG-MAIN,TRANSFER,66,1,1,0.0,Low
2025-08-15 13:20:00+00:00,SG-MAIN,PAYMENT,100,1,1,0.0,Low
2025-08-15 13:20:00+00:00,SG-MAIN,WITHDRAWAL,55,2,2,0.0,Low
2025-08-15 13:20:00+00:00,SG-TAMP,TRANSFER,60,0,0,0.0,Low
2025-08-15 13:20:00+00:00,SG-TAMP,PAYMENT,78,2,2,0.0,Low
2025-08-15 13:20:00+00:00,SG-TAMP,WITHDRAWAL,53,1,0,805.31,Low
2025-08-15 13:20:00+00:00,SG-ORCHARD,TRANSFER,58,1,0,916.96,Low
2025-08-15 13:20:00+00:00,SG-ORCHARD,PAYMENT,81,1,1,0.0,Low
2025-08-15 13:20:00+00:00,SG-ORCHARD,WITHDRAWAL,45,1,0,541.53,Low
2025-08-15 13:20:00+00:00,SG-JURONG,TRANSFER,56,1,0,1181.2,Low
2025-08-15 13:20:00+00:00,SG-JURONG,PAYMENT,66,0,0,0.0,Low
2025-08-15 13:20:00+00:00,SG-JURONG,WITHDRAWAL,44,1,0,1221.4,Low
2025-08-15 13:20:00+00:00,SG-WOODLANDS,TRANSFER,54,2,2,0.0,Low
2025-08-15 13:20:00+00:00,SG-WOODLANDS,PAYMENT,64,0,0,0.0,Low
2025-08-15 13:20:00+00:00,SG-WOODLANDS,WITHDRAWAL,39,0,0,0.0,Low
2025-08-15 13:30:00+00:00,SG-MAIN,TRANSFER,52,1,1,0.0,Low
2025-08-15 13:30:00+00:00,SG-MAIN,PAYMENT,82,1,1,0.0,Low
2025-08-15 13:30:00+00:00,SG-MAIN,WITHDRAWAL,37,2,1,812.12,Low
2025-08-15 13:30:00+00:00,SG-TAMP,TRANSFER,55,2,1,1649.92,Low
2025-08-15 13:30:00+00:00,SG-TAMP,PAYMENT,71,0,0,0.0,Low
2025-08-15 13:30:00+00:00,SG-TAMP,WITHDRAWAL,42,1,1,0.0,Low
2025-08-15 13:30:00+00:00,SG-ORCHARD,TRANSFER,74,0,0,0.0,Low
2025-08-15 13:30:00+00:00,SG-ORCHARD,PAYMENT,96,1,1,0.0,Low
2025-08-15 13:30:00+00:00,SG-ORCHARD,WITHDRAWAL,43,1,1,0.0,Low
2025-08-15 13:30:00+00:00,SG-JURONG,TRANSFER,56,1,0,399.95,Low
2025-08-15 13:30:00+00:00,SG-JURONG,PAYMENT,54,1,1,0.0,Low
2025-08-15 13:30:00+00:00,SG-JURONG,WITHDRAWAL,48,0,0,0.0,Low
2025-08-15 13:30:00+00:00,SG-WOODLANDS,TRANSFER,51,2,2,0.0,Low
2025-08-15 13:30:00+00:00,SG-WOODLANDS,PAYMENT,66,0,0,0.0,Low
2025-08-15 13:30:00+00:00,SG-WOODLANDS,WITHDRAWAL,43,2,1,1596.91,Low
2025-08-15 13:40:00+00:00,SG-MAIN,TRANSFER,64,2,2,0.0,Low
2025-08-15 13:40:00+00:00,SG-MAIN,PAYMENT,82,0,0,0.0,Low
2025-08-15 13:40:00+00:00,SG-MAIN,WITHDRAWAL,34,1,1,0.0,Low
2025-08-15 13:40:00+00:00,SG-TAMP,TRANSFER,67,3,2,524.45,Medium
2025-08-15 13:40:00+00:00,SG-TAMP,PAYMENT,68,0,0,0.0,Low
2025-08-15 13:40:00+00:00,SG-TAMP,WITHDRAWAL,40,0,0,0.0,Low
2025-08-15 13:40:00+00:00,SG-ORCHARD,TRANSFER,58,0,0,0.0,Low
2025-08-15 13:40:00+00:00,SG-ORCHARD,PAYMENT,94,1,1,0.0,Low
2025-08-15 13:40:00+00:00,SG-ORCHARD,WITHDRAWAL,52,0,0,0.0,Low
2025-08-15 13:40:00+00:00,SG-JURONG,TRANSFER,45,0,0,0.0,Low
2025-08-15 13:40:00+00:00,SG-JURONG,PAYMENT,90,1,1,0.0,Low
2025-08-15 13:40:00+00:00,SG-JURONG,WITHDRAWAL,39,0,0,0.0,Low
2025-08-15 13:40:00+00:00,SG-WOODLANDS,TRANSFER,47,1,0,495.18,Low
2025-08-15 13:40:00+00:00,SG-WOODLANDS,PAYMENT,70,0,0,0.0,Low
2025-08-15 13:40:00+00:00,SG-WOODLANDS,WITHDRAWAL,46,1,1,0.0,Low
2025-08-15 13:50:00+00:00,SG-MAIN,TRANSFER,59,1,0,607.99,Low
2025-08-15 13:50:00+00:00,SG-MAIN,PAYMENT,84,0,0,0.0,Low
2025-08-15 13:50:00+00:00,SG-MAIN,WITHDRAWAL,51,1,0,1567.87,Low
2025-08-15 13:50:00+00:00,SG-TAMP,TRANSFER,57,0,0,0.0,Low
2025-08-15 13:50:00+00:00,SG-TAMP,PAYMENT,81,0,0,0.0,Low
2025-08-15 13:50:00+00:00,SG-TAMP,WITHDRAWAL,38,0,0,0.0,Low
2025-08-15 13:50:00+00:00,SG-ORCHARD,TRANSFER,69,3,2,1692.56,Medium
2025-08-15 13:50:00+00:00,SG-ORCHARD,PAYMENT,72,1,0,210.34,Low
2025-08-15 13:50:00+00:00,SG-ORCHARD,WITHDRAWAL,49,0,0,0.0,Low
2025-08-15 13:50:00+00:00,SG-JURONG,TRANSFER,51,1,1,0.0,Low
2025-08-15 13:50:00+00:00,SG-JURONG,PAYMENT,73,2,0,1037.72,Low
2025-08-15 13:50:00+00:00,SG-JURONG,WITHDRAWAL,37,1,1,0.0,Low
2025-08-15 13:50:00+00:00,SG-WOODLANDS,TRANSFER,35,0,0,0.0,Low
2025-08-15 13:50:00+00:00,SG-WOODLANDS,PAYMENT,80,1,1,0.0,Low
2025-08-15 13:50:00+00:00,SG-WOODLANDS,WITHDRAWAL,53,2,1,932.0,Low
2025-08-15 14:00:00+00:00,SG-MAIN,TRANSFER,72,3,3,0.0,Medium
2025-08-15 14:00:00+00:00,SG-MAIN,PAYMENT,85,0,0,0.0,Low
2025-08-15 14:00:00+00:00,SG-MAIN,WITHDRAWAL,52,0,0,0.0,Low
2025-08-15 14:00:00+00:00,SG-TAMP,TRANSFER,45,1,0,735.51,Low
2025-08-15 14:00:00+00:00,SG-TAMP,PAYMENT,85,0,0,0.0,Low
2025-08-15 14:00:00+00:00,SG-TAMP,WITHDRAWAL,50,1,1,0.0,Low
2025-08-15 14:00:00+00:00,SG-ORCHARD,TRANSFER,51,1,1,0.0,Low
2025-08-15 14:00:00+00:00,SG-ORCHARD,PAYMENT,84,1,1,0.0,Low
2025-08-15 14:00:00+00:00,SG-ORCHARD,WITHDRAWAL,59,1,1,0.0,Low
2025-08-15 14:00:00+00:00,SG-JURONG,TRANSFER,43,2,0,1563.1,Low
2025-08-15 14:00:00+00:00,SG-JURONG,PAYMENT,81,0,0,0.0,Low
2025-08-15 14:00:00+00:00,SG-JURONG,WITHDRAWAL,36,0,0,0.0,Low
2025-08-15 14:00:00+00:00,SG-WOODLANDS,TRANSFER,42,0,0,0.0,Low
2025-08-15 14:00:00+00:00,SG-WOODLANDS,PAYMENT,86,0,0,0.0,Low
2025-08-15 14:00:00+00:00,SG-WOODLANDS,WITHDRAWAL,40,2,1,799.97,Low
2025-08-15 14:10:00+00:00,SG-MAIN,TRANSFER,59,0,0,0.0,Low
2025-08-15 14:10:00+00:00,SG-MAIN,PAYMENT,79,0,0,0.0,Low
2025-08-15 14:10:00+00:00,SG-MAIN,WITHDRAWAL,51,0,0,0.0,Low
2025-08-15 14:10:00+00:00,SG-TAMP,TRANSFER,54,0,0,0.0,Low
2025-08-15 14:10:00+00:00,SG-TAMP,PAYMENT,70,2,2,0.0,Low
2025-08-15 14:10:00+00:00,SG-TAMP,WITHDRAWAL,43,1,1,0.0,Low
2025-08-15 14:10:00+00:00,SG-ORCHARD,TRANSFER,48,2,2,0.0,Low
2025-08-15 14:10:00+00:00,SG-ORCHARD,PAYMENT,78,0,0,0.0,Low
2025-08-15 14:10:00+00:00,SG-ORCHARD,WITHDRAWAL,48,1,1,0.0,Low
2025-08-15 14:10:00+00:00,SG-JURONG,TRANSFER,41,1,1,0.0,Low
2025-08-15 14:10:00+00:00,SG-JURONG,PAYMENT,67,1,0,1131.51,Low
2025-08-15 14:10:00+00:00,SG-JURONG,WITHDRAWAL,41,0,0,0.0,Low
2025-08-15 14:10:00+00:00,SG-WOODLANDS,TRANSFER,53,0,0,0.0,Low
2025-08-15 14:10:00+00:00,SG-WOODLANDS,PAYMENT,82,0,0,0.0,Low
2025-08-15 14:10:00+00:00,SG-WOODLANDS,WITHDRAWAL,37,2,2,0.0,Low
2025-08-15 14:20:00+00:00,SG-MAIN,TRANSFER,68,1,0,1089.93,Low
2025-08-15 14:20:00+00:00,SG-MAIN,PAYMENT,91,1,0,628.47,Low
2025-08-15 14:20:00+00:00,SG-MAIN,WITHDRAWAL,43,1,1,0.0,Low
2025-08-15 14:20:00+00:00,SG-TAMP,TRANSFER,50,1,1,0.0,Low
2025-08-15 14:20:00+00:00,SG-TAMP,PAYMENT,88,1,1,0.0,Low
2025-08-15 14:20:00+00:00,SG-TAMP,WITHDRAWAL,40,0,0,0.0,Low
2025-08-15 14:20:00+00:00,SG-ORCHARD,TRANSFER,62,1,1,0.0,Low
2025-08-15 14:20:00+00:00,SG-ORCHARD,PAYMENT,78,0,0,0.0,Low
2025-08-15 14:20:00+00:00,SG-ORCHARD,WITHDRAWAL,47,0,0,0.0,Low
2025-08-15 14:20:00+00:00,SG-JURONG,TRANSFER,55,1,1,0.0,Low
2025-08-15 14:20:00+00:00,SG-JURONG,PAYMENT,88,0,0,0.0,Low
2025-08-15 14:20:00+00:00,SG-JURONG,WITHDRAWAL,32,1,1,0.0,Low
2025-08-15 14:20:00+00:00,SG-WOODLANDS,TRANSFER,40,1,0,855.45,Low
2025-08-15 14:20:00+00:00,SG-WOODLANDS,PAYMENT,65,1,1,0.0,Low
2025-08-15 14:20:00+00:00,SG-WOODLANDS,WITHDRAWAL,33,1,1,0.0,Low
2025-08-15 14:30:00+00:00,SG-MAIN,TRANSFER,63,1,1,0.0,Low
2025-08-15 14:30:00+00:00,SG-MAIN,PAYMENT,86,0,0,0.0,Low
2025-08-15 14:30:00+00:00,SG-MAIN,WITHDRAWAL,54,1,1,0.0,Low
2025-08-15 14:30:00+00:00,SG-TAMP,TRANSFER,66,2,1,1639.32,Low
2025-08-15 14:30:00+00:00,SG-TAMP,PAYMENT,93,0,0,0.0,Low
2025-08-15 14:30:00+00:00,SG-TAMP,WITHDRAWAL,42,1,1,0.0,Low
2025-08-15 14:30:00+00:00,SG-ORCHARD,TRANSFER,57,3,3,0.0,Medium
2025-08-15 14:30:00+00:00,SG-ORCHARD,PAYMENT,87,0,0,0.0,Low
2025-08-15 14:30:00+00:00,SG-ORCHARD,WITHDRAWAL,53,2,2,0.0,Low
2025-08-15 14:30:00+00:00,SG-JURONG,TRANSFER,56,0,0,0.0,Low
2025-08-15 14:30:00+00:00,SG-JURONG,PAYMENT,66,0,0,0.0,Low
2025-08-15 14:30:00+00:00,SG-JURONG,WITHDRAWAL,36,2,1,771.3,Low
2025-08-15 14:30:00+00:00,SG-WOODLANDS,TRANSFER,47,0,0,0.0,Low
2025-08-15 14:30:00+00:00,SG-WOODLANDS,PAYMENT,65,0,0,0.0,Low
2025-08-15 14:30:00+00:00,SG-WOODLANDS,WITHDRAWAL,44,0,0,0.0,Low
2025-08-15 14:40:00+00:00,SG-MAIN,TRANSFER,50,2,2,0.0,Low
2025-08-15 14:40:00+00:00,SG-MAIN,PAYMENT,73,1,1,0.0,Low
2025-08-15 14:40:00+00:00,SG-MAIN,WITHDRAWAL,55,0,0,0.0,Low
2025-08-15 14:40:00+00:00,SG-TAMP,TRANSFER,59,0,0,0.0,Low
2025-08-15 14:40:00+00:00,SG-TAMP,PAYMENT,98,0,0,0.0,Low
2025-08-15 14:40:00+00:00,SG-TAMP,WITHDRAWAL,42,1,1,0.0,Low
2025-08-15 14:40:00+00:00,SG-ORCHARD,TRANSFER,73,5,3,2808.45,Medium
2025-08-15 14:40:00+00:00,SG-ORCHARD,PAYMENT,78,1,1,0.0,Low
2025-08-15 14:40:00+00:00,SG-ORCHARD,WITHDRAWAL,53,2,2,0.0,Low
2025-08-15 14:40:00+00:00,SG-JURONG,TRANSFER,66,0,0,0.0,Low
2025-08-15 14:40:00+00:00,SG-JURONG,PAYMENT,66,0,0,0.0,Low
2025-08-15 14:40:00+00:00,SG-JURONG,WITHDRAWAL,43,0,0,0.0,Low
2025-08-15 14:40:00+00:00,SG-WOODLANDS,TRANSFER,50,0,0,0.0,Low
2025-08-15 14:40:00+00:00,SG-WOODLANDS,PAYMENT,84,0,0,0.0,Low
2025-08-15 14:40:00+00:00,SG-WOODLANDS,WITHDRAWAL,43,0,0,0.0,Low
2025-08-15 14:50:00+00:00,SG-MAIN,TRANSFER,63,0,0,0.0,Low
2025-08-15 14:50:00+00:00,SG-MAIN,PAYMENT,90,2,1,357.54,Low
2025-08-15 14:50:00+00:00,SG-MAIN,WITHDRAWAL,49,1,1,0.0,Low
2025-08-15 14:50:00+00:00,SG-TAMP,TRANSFER,69,2,2,0.0,Low
2025-08-15 14:50:00+00:00,SG-TAMP,PAYMENT,67,0,0,0.0,Low
2025-08-15 14:50:00+00:00,SG-TAMP,WITHDRAWAL,41,2,1,360.54,Low
2025-08-15 14:50:00+00:00,SG-ORCHARD,TRANSFER,56,1,1,0.0,Low
2025-08-15 14:50:00+00:00,SG-ORCHARD,PAYMENT,74,2,2,0.0,Low
2025-08-15 14:50:00+00:00,SG-ORCHARD,WITHDRAWAL,66,0,0,0.0,Low
2025-08-15 14:50:00+00:00,SG-JURONG,TRANSFER,45,1,1,0.0,Low
2025-08-15 14:50:00+00:00,SG-JURONG,PAYMENT,75,0,0,0.0,Low
2025-08-15 14:50:00+00:00,SG-JURONG,WITHDRAWAL,35,1,1,0.0,Low
2025-08-15 14:50:00+00:00,SG-WOODLANDS,TRANSFER,37,1,1,0.0,Low
2025-08-15 14:50:00+00:00,SG-WOODLANDS,PAYMENT,59,0,0,0.0,Low
2025-08-15 14:50:00+00:00,SG-WOODLANDS,WITHDRAWAL,41,0,0,0.0,Low
2025-08-15 15:00:00+00:00,SG-MAIN,TRANSFER,57,1,0,634.66,Low
2025-08-15 15:00:00+00:00,SG-MAIN,PAYMENT,91,2,1,702.54,Low
2025-08-15 15:00:00+00:00,SG-MAIN,WITHDRAWAL,56,0,0,0.0,Low
2025-08-15 15:00:00+00:00,SG-TAMP,TRANSFER,55,0,0,0.0,Low
2025-08-15 15:00:00+00:00,SG-TAMP,PAYMENT,97,1,1,0.0,Low
2025-08-15 15:00:00+00:00,SG-TAMP,WITHDRAWAL,44,2,1,1247.15,Low
2025-08-15 15:00:00+00:00,SG-ORCHARD,TRANSFER,56,0,0,0.0,Low
2025-08-15 15:00:00+00:00,SG-ORCHARD,PAYMENT,77,1,0,628.63,Low
2025-08-15 15:00:00+00:00,SG-ORCHARD,WITHDRAWAL,44,0,0,0.0,Low
2025-08-15 15:00:00+00:00,SG-JURONG,TRANSFER,63,0,0,0.0,Low
2025-08-15 15:00:00+00:00,SG-JURONG,PAYMENT,64,0,0,0.0,Low
2025-08-15 15:00:00+00:00,SG-JURONG,WITHDRAWAL,35,0,0,0.0,Low
2025-08-15 15:00:00+00:00,SG-WOODLANDS,TRANSFER,56,0,0,0.0,Low
2025-08-15 15:00:00+00:00,SG-WOODLANDS,PAYMENT,77,1,1,0.0,Low
2025-08-15 15:00:00+00:00,SG-WOODLANDS,WITHDRAWAL,36,1,0,1075.35,Low
2025-08-15 15:10:00+00:00,SG-MAIN,TRANSFER,53,2,2,0.0,Low
2025-08-15 15:10:00+00:00,SG-MAIN,PAYMENT,90,0,0,0.0,Low
2025-08-15 15:10:00+00:00,SG-MAIN,WITHDRAWAL,49,2,2,0.0,Low
2025-08-15 15:10:00+00:00,SG-TAMP,TRANSFER,54,1,1,0.0,Low
2025-08-15 15:10:00+00:00,SG-TAMP,PAYMENT,75,0,0,0.0,Low
2025-08-15 15:10:00+00:00,SG-TAMP,WITHDRAWAL,45,1,1,0.0,Low
2025-08-15 15:10:00+00:00,SG-ORCHARD,TRANSFER,61,2,1,501.09,Low
2025-08-15 15:10:00+00:00,SG-ORCHARD,PAYMENT,78,1,1,0.0,Low
2025-08-15 15:10:00+00:00,SG-ORCHARD,WITHDRAWAL,45,1,1,0.0,Low
2025-08-15 15:10:00+00:00,SG-JURONG,TRANSFER,55,0,0,0.0,Low
2025-08-15 15:10:00+00:00,SG-JURONG,PAYMENT,65,0,0,0.0,Low
2025-08-15 15:10:00+00:00,SG-JURONG,WITHDRAWAL,39,0,0,0.0,Low
2025-08-15 15:10:00+00:00,SG-WOODLANDS,TRANSFER,51,2,2,0.0,Low
2025-08-15 15:10:00+00:00,SG-WOODLANDS,PAYMENT,68,1,0,750.94,Low
2025-08-15 15:10:00+00:00,SG-WOODLANDS,WITHDRAWAL,41,1,1,0.0,Low
2025-08-15 15:20:00+00:00,SG-MAIN,TRANSFER,56,3,2,1112.5,Medium
2025-08-15 15:20:00+00:00,SG-MAIN,PAYMENT,77,0,0,0.0,Low
2025-08-15 15:20:00+00:00,SG-MAIN,WITHDRAWAL,58,0,0,0.0,Low
2025-08-15 15:20:00+00:00,SG-TAMP,TRANSFER,57,0,0,0.0,Low
2025-08-15 15:20:00+00:00,SG-TAMP,PAYMENT,74,0,0,0.0,Low
2025-08-15 15:20:00+00:00,SG-TAMP,WITHDRAWAL,47,2,1,1518.24,Low
2025-08-15 15:20:00+00:00,SG-ORCHARD,TRANSFER,58,1,1,0.0,Low
2025-08-15 15:20:00+00:00,SG-ORCHARD,PAYMENT,79,0,0,0.0,Low
2025-08-15 15:20:00+00:00,SG-ORCHARD,WITHDRAWAL,48,0,0,0.0,Low
2025-08-15 15:20:00+00:00,SG-JURONG,TRANSFER,58,0,0,0.0,Low
2025-08-15 15:20:00+00:00,SG-JURONG,PAYMENT,72,0,0,0.0,Low
2025-08-15 15:20:00+00:00,SG-JURONG,WITHDRAWAL,29,1,0,1036.68,Low
2025-08-15 15:20:00+00:00,SG-WOODLANDS,TRANSFER,36,2,1,609.04,Low
2025-08-15 15:20:00+00:00,SG-WOODLANDS,PAYMENT,55,1,1,0.0,Low
2025-08-15 15:20:00+00:00,SG-WOODLANDS,WITHDRAWAL,45,0,0,0.0,Low
2025-08-15 15:30:00+00:00,SG-MAIN,TRANSFER,62,1,0,1530.03,Low
2025-08-15 15:30:00+00:00,SG-MAIN,PAYMENT,61,1,1,0.0,Low
2025-08-15 15:30:00+00:00,SG-MAIN,WITHDRAWAL,36,1,0,285.21,Low
2025-08-15 15:30:00+00:00,SG-TAMP,TRANSFER,40,0,0,0.0,Low
2025-08-15 15:30:00+00:00,SG-TAMP,PAYMENT,76,2,2,0.0,Low
2025-08-15 15:30:00+00:00,SG-TAMP,WITHDRAWAL,38,1,0,381.91,Low
2025-08-15 15:30:00+00:00,SG-ORCHARD,TRANSFER,72,3,1,2088.55,Medium
2025-08-15 15:30:00+00:00,SG-ORCHARD,PAYMENT,82,2,1,233.63,Low
2025-08-15 15:30:00+00:00,SG-ORCHARD,WITHDRAWAL,51,0,0,0.0,Low
2025-08-15 15:30:00+00:00,SG-JURONG,TRANSFER,51,1,1,0.0,Low
2025-08-15 15:30:00+00:00,SG-JURONG,PAYMENT,51,1,0,1685.46,Low
2025-08-15 15:30:00+00:00,SG-JURONG,WITHDRAWAL,40,0,0,0.0,Low
2025-08-15 15:30:00+00:00,SG-WOODLANDS,TRANSFER,48,2,1,1591.42,Low
2025-08-15 15:30:00+00:00,SG-WOODLANDS,PAYMENT,59,0,0,0.0,Low
2025-08-15 15:30:00+00:00,SG-WOODLANDS,WITHDRAWAL,39,0,0,0.0,Low
2025-08-15 15:40:00+00:00,SG-MAIN,TRANSFER,55,1,0,1597.1,Low
2025-08-15 15:40:00+00:00,SG-MAIN,PAYMENT,88,1,0,1280.38,Low
2025-08-15 15:40:00+00:00,SG-MAIN,WITHDRAWAL,37,1,1,0.0,Low
2025-08-15 15:40:00+00:00,SG-TAMP,TRANSFER,51,1,1,0.0,Low
2025-08-15 15:40:00+00:00,SG-TAMP,PAYMENT,69,1,1,0.0,Low
2025-08-15 15:40:00+00:00,SG-TAMP,WITHDRAWAL,42,1,0,225.09,Low
2025-08-15 15:40:00+00:00,SG-ORCHARD,TRANSFER,61,0,0,0.0,Low
2025-08-15 15:40:00+00:00,SG-ORCHARD,PAYMENT,82,1,0,624.42,Low
2025-08-15 15:40:00+00:00,SG-ORCHARD,WITHDRAWAL,39,0,0,0.0,Low
2025-08-15 15:40:00+00:00,SG-JURONG,TRANSFER,52,2,2,0.0,Low
2025-08-15 15:40:00+00:00,SG-JURONG,PAYMENT,65,1,1,0.0,Low
2025-08-15 15:40:00+00:00,SG-JURONG,WITHDRAWAL,40,1,1,0.0,Low
2025-08-15 15:40:00+00:00,SG-WOODLANDS,TRANSFER,42,1,1,0.0,Low
2025-08-15 15:40:00+00:00,SG-WOODLANDS,PAYMENT,75,0,0,0.0,Low
2025-08-15 15:40:00+00:00,SG-WOODLANDS,WITHDRAWAL,31,0,0,0.0,Low
2025-08-15 15:50:00+00:00,SG-MAIN,TRANSFER,50,1,0,1701.46,Low
2025-08-15 15:50:00+00:00,SG-MAIN,PAYMENT,70,1,0,1570.85,Low
2025-08-15 15:50:00+00:00,SG-MAIN,WITHDRAWAL,47,1,1,0.0,Low
2025-08-15 15:50:00+00:00,SG-TAMP,TRANSFER,52,1,0,1250.68,Low
2025-08-15 15:50:00+00:00,SG-TAMP,PAYMENT,66,1,1,0.0,Low
2025-08-15 15:50:00+00:00,SG-TAMP,WITHDRAWAL,35,0,0,0.0,Low
2025-08-15 15:50:00+00:00,SG-ORCHARD,TRANSFER,44,0,0,0.0,Low
2025-08-15 15:50:00+00:00,SG-ORCHARD,PAYMENT,76,0,0,0.0,Low
2025-08-15 15:50:00+00:00,SG-ORCHARD,WITHDRAWAL,49,0,0,0.0,Low
2025-08-15 15:50:00+00:00,SG-JURONG,TRANSFER,41,3,2,190.61,Medium
2025-08-15 15:50:00+00:00,SG-JURONG,PAYMENT,61,1,1,0.0,Low
2025-08-15 15:50:00+00:00,SG-JURONG,WITHDRAWAL,39,0,0,0.0,Low
2025-08-15 15:50:00+00:00,SG-WOODLANDS,TRANSFER,51,2,1,222.7,Low
2025-08-15 15:50:00+00:00,SG-WOODLANDS,PAYMENT,72,0,0,0.0,Low
2025-08-15 15:50:00+00:00,SG-WOODLANDS,WITHDRAWAL,43,2,1,1167.53,Low
2025-08-15 16:00:00+00:00,SG-MAIN,TRANSFER,50,4,4,0.0,Medium
2025-08-15 16:00:00+00:00,SG-MAIN,PAYMENT,78,0,0,0.0,Low
2025-08-15 16:00:00+00:00,SG-MAIN,WITHDRAWAL,47,1,0,612.08,Low
2025-08-15 16:00:00+00:00,SG-TAMP,TRANSFER,49,2,2,0.0,Low
2025-08-15 16:00:00+00:00,SG-TAMP,PAYMENT,71,1,0,1594.12,Low
2025-08-15 16:00:00+00:00,SG-TAMP,WITHDRAWAL,36,0,0,0.0,Low
2025-08-15 16:00:00+00:00,SG-ORCHARD,TRANSFER,48,1,1,0.0,Low
2025-08-15 16:00:00+00:00,SG-ORCHARD,PAYMENT,79,1,1,0.0,Low
2025-08-15 16:00:00+00:00,SG-ORCHARD,WITHDRAWAL,36,0,0,0.0,Low
2025-08-15 16:00:00+00:00,SG-JURONG,TRANSFER,42,1,1,0.0,Low
2025-08-15 16:00:00+00:00,SG-JURONG,PAYMENT,70,0,0,0.0,Low
2025-08-15 16:00:00+00:00,SG-JURONG,WITHDRAWAL,38,0,0,0.0,Low
2025-08-15 16:00:00+00:00,SG-WOODLANDS,TRANSFER,47,0,0,0.0,Low
2025-08-15 16:00:00+00:00,SG-WOODLANDS,PAYMENT,67,0,0,0.0,Low
2025-08-15 16:00:00+00:00,SG-WOODLANDS,WITHDRAWAL,29,0,0,0.0,Low
2025-08-15 16:10:00+00:00,SG-MAIN,TRANSFER,58,3,3,0.0,Medium
2025-08-15 16:10:00+00:00,SG-MAIN,PAYMENT,79,0,0,0.0,Low
2025-08-15 16:10:00+00:00,SG-MAIN,WITHDRAWAL,29,3,1,1880.89,Medium
2025-08-15 16:10:00+00:00,SG-TAMP,TRANSFER,46,1,1,0.0,Low
2025-08-15 16:10:00+00:00,SG-TAMP,PAYMENT,70,0,0,0.0,Low
2025-08-15 16:10:00+00:00,SG-TAMP,WITHDRAWAL,43,0,0,0.0,Low
2025-08-15 16:10:00+00:00,SG-ORCHARD,TRANSFER,50,1,1,0.0,Low
2025-08-15 16:10:00+00:00,SG-ORCHARD,PAYMENT,88,1,1,0.0,Low
2025-08-15 16:10:00+00:00,SG-ORCHARD,WITHDRAWAL,50,0,0,0.0,Low
2025-08-15 16:10:00+00:00,SG-JURONG,TRANSFER,48,0,0,0.0,Low
2025-08-15 16:10:00+00:00,SG-JURONG,PAYMENT,65,1,0,1560.16,Low
2025-08-15 16:10:00+00:00,SG-JURONG,WITHDRAWAL,43,0,0,0.0,Low
2025-08-15 16:10:00+00:00,SG-WOODLANDS,TRANSFER,46,0,0,0.0,Low
2025-08-15 16:10:00+00:00,SG-WOODLANDS,PAYMENT,53,1,0,1764.68,Low
2025-08-15 16:10:00+00:00,SG-WOODLANDS,WITHDRAWAL,45,2,1,1583.42,Low
2025-08-15 16:20:00+00:00,SG-MAIN,TRANSFER,44,3,3,0.0,Medium
2025-08-15 16:20:00+00:00,SG-MAIN,PAYMENT,71,0,0,0.0,Low
2025-08-15 16:20:00+00:00,SG-MAIN,WITHDRAWAL,39,0,0,0.0,Low
2025-08-15 16:20:00+00:00,SG-TAMP,TRANSFER,47,2,0,1780.48,Low
2025-08-15 16:20:00+00:00,SG-TAMP,PAYMENT,65,0,0,0.0,Low
2025-08-15 16:20:00+00:00,SG-TAMP,WITHDRAWAL,40,0,0,0.0,Low
2025-08-15 16:20:00+00:00,SG-ORCHARD,TRANSFER,61,0,0,0.0,Low
2025-08-15 16:20:00+00:00,SG-ORCHARD,PAYMENT,51,1,0,1609.83,Low
2025-08-15 16:20:00+00:00,SG-ORCHARD,WITHDRAWAL,45,0,0,0.0,Low
2025-08-15 16:20:00+00:00,SG-JURONG,TRANSFER,44,2,2,0.0,Low
2025-08-15 16:20:00+00:00,SG-JURONG,PAYMENT,58,0,0,0.0,Low
2025-08-15 16:20:00+00:00,SG-JURONG,WITHDRAWAL,48,0,0,0.0,Low
2025-08-15 16:20:00+00:00,SG-WOODLANDS,TRANSFER,36,1,1,0.0,Low
2025-08-15 16:20:00+00:00,SG-WOODLANDS,PAYMENT,58,1,1,0.0,Low
2025-08-15 16:20:00+00:00,SG-WOODLANDS,WITHDRAWAL,26,1,1,0.0,Low
2025-08-15 16:30:00+00:00,SG-MAIN,TRANSFER,46,2,2,0.0,Low
2025-08-15 16:30:00+00:00,SG-MAIN,PAYMENT,62,1,0,749.24,Low
2025-08-15 16:30:00+00:00,SG-MAIN,WITHDRAWAL,30,1,1,0.0,Low
2025-08-15 16:30:00+00:00,SG-TAMP,TRANSFER,49,2,1,841.78,Low
2025-08-15 16:30:00+00:00,SG-TAMP,PAYMENT,56,0,0,0.0,Low
2025-08-15 16:30:00+00:00,SG-TAMP,WITHDRAWAL,29,0,0,0.0,Low
2025-08-15 16:30:00+00:00,SG-ORCHARD,TRANSFER,68,3,2,341.44,Medium
2025-08-15 16:30:00+00:00,SG-ORCHARD,PAYMENT,83,0,0,0.0,Low
2025-08-15 16:30:00+00:00,SG-ORCHARD,WITHDRAWAL,40,0,0,0.0,Low
2025-08-15 16:30:00+00:00,SG-JURONG,TRANSFER,32,0,0,0.0,Low
2025-08-15 16:30:00+00:00,SG-JURONG,PAYMENT,53,0,0,0.0,Low
2025-08-15 16:30:00+00:00,SG-JURONG,WITHDRAWAL,41,0,0,0.0,Low
2025-08-15 16:30:00+00:00,SG-WOODLANDS,TRANSFER,38,0,0,0.0,Low
2025-08-15 16:30:00+00:00,SG-WOODLANDS,PAYMENT,52,0,0,0.0,Low
2025-08-15 16:30:00+00:00,SG-WOODLANDS,WITHDRAWAL,28,0,0,0.0,Low
2025-08-15 16:40:00+00:00,SG-MAIN,TRANSFER,54,2,2,0.0,Low
2025-08-15 16:40:00+00:00,SG-MAIN,PAYMENT,87,2,1,722.21,Low
2025-08-15 16:40:00+00:00,SG-MAIN,WITHDRAWAL,38,0,0,0.0,Low
2025-08-15 16:40:00+00:00,SG-TAMP,TRANSFER,46,0,0,0.0,Low
2025-08-15 16:40:00+00:00,SG-TAMP,PAYMENT,81,1,1,0.0,Low
2025-08-15 16:40:00+00:00,SG-TAMP,WITHDRAWAL,40,1,1,0.0,Low
2025-08-15 16:40:00+00:00,SG-ORCHARD,TRANSFER,50,2,0,1612.5,Low
2025-08-15 16:40:00+00:00,SG-ORCHARD,PAYMENT,70,3,2,723.43,Medium
2025-08-15 16:40:00+00:00,SG-ORCHARD,WITHDRAWAL,39,0,0,0.0,Low
2025-08-15 16:40:00+00:00,SG-JURONG,TRANSFER,45,1,1,0.0,Low
2025-08-15 16:40:00+00:00,SG-JURONG,PAYMENT,68,0,0,0.0,Low
2025-08-15 16:40:00+00:00,SG-JURONG,WITHDRAWAL,39,1,1,0.0,Low
2025-08-15 16:40:00+00:00,SG-WOODLANDS,TRANSFER,36,0,0,0.0,Low
2025-08-15 16:40:00+00:00,SG-WOODLANDS,PAYMENT,58,0,0,0.0,Low
2025-08-15 16:40:00+00:00,SG-WOODLANDS,WITHDRAWAL,35,0,0,0.0,Low
2025-08-15 16:50:00+00:00,SG-MAIN,TRANSFER,43,2,2,0.0,Low
2025-08-15 16:50:00+00:00,SG-MAIN,PAYMENT,66,1,1,0.0,Low
2025-08-15 16:50:00+00:00,SG-MAIN,WITHDRAWAL,47,1,1,0.0,Low
2025-08-15 16:50:00+00:00,SG-TAMP,TRANSFER,38,1,1,0.0,Low
2025-08-15 16:50:00+00:00,SG-TAMP,PAYMENT,64,0,0,0.0,Low
2025-08-15 16:50:00+00:00,SG-TAMP,WITHDRAWAL,39,0,0,0.0,Low
2025-08-15 16:50:00+00:00,SG-ORCHARD,TRANSFER,40,1,1,0.0,Low
2025-08-15 16:50:00+00:00,SG-ORCHARD,PAYMENT,69,1,0,499.1,Low
2025-08-15 16:50:00+00:00,SG-ORCHARD,WITHDRAWAL,38,0,0,0.0,Low
2025-08-15 16:50:00+00:00,SG-JURONG,TRANSFER,47,1,1,0.0,Low
2025-08-15 16:50:00+00:00,SG-JURONG,PAYMENT,54,1,1,0.0,Low
2025-08-15 16:50:00+00:00,SG-JURONG,WITHDRAWAL,34,0,0,0.0,Low
2025-08-15 16:50:00+00:00,SG-WOODLANDS,TRANSFER,40,2,1,1213.49,Low
2025-08-15 16:50:00+00:00,SG-WOODLANDS,PAYMENT,48,0,0,0.0,Low
2025-08-15 16:50:00+00:00,SG-WOODLANDS,WITHDRAWAL,42,0,0,0.0,Low
2025-08-15 17:00:00+00:00,SG-MAIN,TRANSFER,54,3,3,0.0,Medium
2025-08-15 17:00:00+00:00,SG-MAIN,PAYMENT,79,0,0,0.0,Low
2025-08-15 17:00:00+00:00,SG-MAIN,WITHDRAWAL,40,1,1,0.0,Low
2025-08-15 17:00:00+00:00,SG-TAMP,TRANSFER,39,1,1,0.0,Low
2025-08-15 17:00:00+00:00,SG-TAMP,PAYMENT,71,0,0,0.0,Low
2025-08-15 17:00:00+00:00,SG-TAMP,WITHDRAWAL,39,2,2,0.0,Low
2025-08-15 17:00:00+00:00,SG-ORCHARD,TRANSFER,59,4,2,2126.15,Medium
2025-08-15 17:00:00+00:00,SG-ORCHARD,PAYMENT,77,1,1,0.0,Low
2025-08-15 17:00:00+00:00,SG-ORCHARD,WITHDRAWAL,58,1,1,0.0,Low
2025-08-15 17:00:00+00:00,SG-JURONG,TRANSFER,36,0,0,0.0,Low
2025-08-15 17:00:00+00:00,SG-JURONG,PAYMENT,66,0,0,0.0,Low
2025-08-15 17:00:00+00:00,SG-JURONG,WITHDRAWAL,39,1,0,376.53,Low
2025-08-15 17:00:00+00:00,SG-WOODLANDS,TRANSFER,45,1,1,0.0,Low
2025-08-15 17:00:00+00:00,SG-WOODLANDS,PAYMENT,58,0,0,0.0,Low
2025-08-15 17:00:00+00:00,SG-WOODLANDS,WITHDRAWAL,32,0,0,0.0,Low
2025-08-15 17:10:00+00:00,SG-MAIN,TRANSFER,51,3,2,797.12,Medium
2025-08-15 17:10:00+00:00,SG-MAIN,PAYMENT,63,2,2,0.0,Low
2025-08-15 17:10:00+00:00,SG-MAIN,WITHDRAWAL,40,0,0,0.0,Low
2025-08-15 17:10:00+00:00,SG-TAMP,TRANSFER,43,0,0,0.0,Low
2025-08-15 17:10:00+00:00,SG-TAMP,PAYMENT,68,2,1,879.0,Low
2025-08-15 17:10:00+00:00,SG-TAMP,WITHDRAWAL,33,2,1,951.35,Low
2025-08-15 17:10:00+00:00,SG-ORCHARD,TRANSFER,52,4,2,1427.42,Medium
2025-08-15 17:10:00+00:00,SG-ORCHARD,PAYMENT,68,2,2,0.0,Low
2025-08-15 17:10:00+00:00,SG-ORCHARD,WITHDRAWAL,39,1,1,0.0,Low
2025-08-15 17:10:00+00:00,SG-JURONG,TRANSFER,34,0,0,0.0,Low
2025-08-15 17:10:00+00:00,SG-JURONG,PAYMENT,59,0,0,0.0,Low
2025-08-15 17:10:00+00:00,SG-JURONG,WITHDRAWAL,39,0,0,0.0,Low
2025-08-15 17:10:00+00:00,SG-WOODLANDS,TRANSFER,36,0,0,0.0,Low
2025-08-15 17:10:00+00:00,SG-WOODLANDS,PAYMENT,56,1,1,0.0,Low
2025-08-15 17:10:00+00:00,SG-WOODLANDS,WITHDRAWAL,38,1,1,0.0,Low
2025-08-15 17:20:00+00:00,SG-MAIN,TRANSFER,42,1,1,0.0,Low
2025-08-15 17:20:00+00:00,SG-MAIN,PAYMENT,58,1,0,381.26,Low
2025-08-15 17:20:00+00:00,SG-MAIN,WITHDRAWAL,41,0,0,0.0,Low
2025-08-15 17:20:00+00:00,SG-TAMP,TRANSFER,38,1,1,0.0,Low
2025-08-15 17:20:00+00:00,SG-TAMP,PAYMENT,55,0,0,0.0,Low
2025-08-15 17:20:00+00:00,SG-TAMP,WITHDRAWAL,35,0,0,0.0,Low
2025-08-15 17:20:00+00:00,SG-ORCHARD,TRANSFER,40,0,0,0.0,Low
2025-08-15 17:20:00+00:00,SG-ORCHARD,PAYMENT,79,0,0,0.0,Low
2025-08-15 17:20:00+00:00,SG-ORCHARD,WITHDRAWAL,40,1,1,0.0,Low
2025-08-15 17:20:00+00:00,SG-JURONG,TRANSFER,40,0,0,0.0,Low
2025-08-15 17:20:00+00:00,SG-JURONG,PAYMENT,57,0,0,0.0,Low
2025-08-15 17:20:00+00:00,SG-JURONG,WITHDRAWAL,44,0,0,0.0,Low
2025-08-15 17:20:00+00:00,SG-WOODLANDS,TRANSFER,40,2,1,951.42,Low
2025-08-15 17:20:00+00:00,SG-WOODLANDS,PAYMENT,68,1,1,0.0,Low
2025-08-15 17:20:00+00:00,SG-WOODLANDS,WITHDRAWAL,26,0,0,0.0,Low
2025-08-15 17:30:00+00:00,SG-MAIN,TRANSFER,52,1,1,0.0,Low
2025-08-15 17:30:00+00:00,SG-MAIN,PAYMENT,67,1,0,913.03,Low
2025-08-15 17:30:00+00:00,SG-MAIN,WITHDRAWAL,44,1,1,0.0,Low
2025-08-15 17:30:00+00:00,SG-TAMP,TRANSFER,48,0,0,0.0,Low
2025-08-15 17:30:00+00:00,SG-TAMP,PAYMENT,63,0,0,0.0,Low
2025-08-15 17:30:00+00:00,SG-TAMP,WITHDRAWAL,44,1,0,1074.97,Low
2025-08-15 17:30:00+00:00,SG-ORCHARD,TRANSFER,37,2,2,0.0,Low
2025-08-15 17:30:00+00:00,SG-ORCHARD,PAYMENT,60,1,1,0.0,Low
2025-08-15 17:30:00+00:00,SG-ORCHARD,WITHDRAWAL,47,3,1,1774.86,Medium
2025-08-15 17:30:00+00:00,SG-JURONG,TRANSFER,37,2,2,0.0,Low
2025-08-15 17:30:00+00:00,SG-JURONG,PAYMENT,67,0,0,0.0,Low
2025-08-15 17:30:00+00:00,SG-JURONG,WITHDRAWAL,34,0,0,0.0,Low
2025-08-15 17:30:00+00:00,SG-WOODLANDS,TRANSFER,50,1,0,1418.63,Low
2025-08-15 17:30:00+00:00,SG-WOODLANDS,PAYMENT,57,0,0,0.0,Low
2025-08-15 17:30:00+00:00,SG-WOODLANDS,WITHDRAWAL,26,0,0,0.0,Low
2025-08-15 17:40:00+00:00,SG-MAIN,TRANSFER,47,2,2,0.0,Low
2025-08-15 17:40:00+00:00,SG-MAIN,PAYMENT,65,0,0,0.0,Low
2025-08-15 17:40:00+00:00,SG-MAIN,WITHDRAWAL,35,0,0,0.0,Low
2025-08-15 17:40:00+00:00,SG-TAMP,TRANSFER,32,3,2,205.12,Medium
2025-08-15 17:40:00+00:00,SG-TAMP,PAYMENT,59,0,0,0.0,Low
2025-08-15 17:40:00+00:00,SG-TAMP,WITHDRAWAL,37,1,0,534.43,Low
2025-08-15 17:40:00+00:00,SG-ORCHARD,TRANSFER,58,1,0,179.69,Low
2025-08-15 17:40:00+00:00,SG-ORCHARD,PAYMENT,67,0,0,0.0,Low
2025-08-15 17:40:00+00:00,SG-ORCHARD,WITHDRAWAL,46,2,2,0.0,Low
2025-08-15 17:40:00+00:00,SG-JURONG,TRANSFER,33,2,2,0.0,Low
2025-08-15 17:40:00+00:00,SG-JURONG,PAYMENT,68,0,0,0.0,Low
2025-08-15 17:40:00+00:00,SG-JURONG,WITHDRAWAL,31,2,2,0.0,Low
2025-08-15 17:40:00+00:00,SG-WOODLANDS,TRANSFER,42,1,1,0.0,Low
2025-08-15 17:40:00+00:00,SG-WOODLANDS,PAYMENT,66,0,0,0.0,Low
2025-08-15 17:40:00+00:00,SG-WOODLANDS,WITHDRAWAL,34,0,0,0.0,Low
2025-08-15 17:50:00+00:00,SG-MAIN,TRANSFER,49,2,0,3231.41,Low
2025-08-15 17:50:00+00:00,SG-MAIN,PAYMENT,68,0,0,0.0,Low
2025-08-15 17:50:00+00:00,SG-MAIN,WITHDRAWAL,38,0,0,0.0,Low
2025-08-15 17:50:00+00:00,SG-TAMP,TRANSFER,42,1,1,0.0,Low
2025-08-15 17:50:00+00:00,SG-TAMP,PAYMENT,56,0,0,0.0,Low
2025-08-15 17:50:00+00:00,SG-TAMP,WITHDRAWAL,25,0,0,0.0,Low
2025-08-15 17:50:00+00:00,SG-ORCHARD,TRANSFER,36,0,0,0.0,Low
2025-08-15 17:50:00+00:00,SG-ORCHARD,PAYMENT,70,2,2,0.0,Low
2025-08-15 17:50:00+00:00,SG-ORCHARD,WITHDRAWAL,29,1,1,0.0,Low
2025-08-15 17:50:00+00:00,SG-JURONG,TRANSFER,40,3,3,0.0,Medium
2025-08-15 17:50:00+00:00,SG-JURONG,PAYMENT,55,0,0,0.0,Low
2025-08-15 17:50:00+00:00,SG-JURONG,WITHDRAWAL,29,0,0,0.0,Low
2025-08-15 17:50:00+00:00,SG-WOODLANDS,TRANSFER,41,0,0,0.0,Low
2025-08-15 17:50:00+00:00,SG-WOODLANDS,PAYMENT,58,0,0,0.0,Low
2025-08-15 17:50:00+00:00,SG-WOODLANDS,WITHDRAWAL,39,1,1,0.0,Low
2025-08-15 18:00:00+00:00,SG-MAIN,TRANSFER,36,2,2,0.0,Low
2025-08-15 18:00:00+00:00,SG-MAIN,PAYMENT,57,1,1,0.0,Low
2025-08-15 18:00:00+00:00,SG-MAIN,WITHDRAWAL,26,1,1,0.0,Low
2025-08-15 18:00:00+00:00,SG-TAMP,TRANSFER,45,1,1,0.0,Low
2025-08-15 18:00:00+00:00,SG-TAMP,PAYMENT,66,0,0,0.0,Low
2025-08-15 18:00:00+00:00,SG-TAMP,WITHDRAWAL,42,1,1,0.0,Low
2025-08-15 18:00:00+00:00,SG-ORCHARD,TRANSFER,49,8,7,1539.21,High
2025-08-15 18:00:00+00:00,SG-ORCHARD,PAYMENT,60,1,1,0.0,Low
2025-08-15 18:00:00+00:00,SG-ORCHARD,WITHDRAWAL,40,0,0,0.0,Low
2025-08-15 18:00:00+00:00,SG-JURONG,TRANSFER,49,1,1,0.0,Low
2025-08-15 18:00:00+00:00,SG-JURONG,PAYMENT,66,1,1,0.0,Low
2025-08-15 18:00:00+00:00,SG-JURONG,WITHDRAWAL,30,1,1,0.0,Low
2025-08-15 18:00:00+00:00,SG-WOODLANDS,TRANSFER,37,0,0,0.0,Low
2025-08-15 18:00:00+00:00,SG-WOODLANDS,PAYMENT,63,0,0,0.0,Low
2025-08-15 18:00:00+00:00,SG-WOODLANDS,WITHDRAWAL,27,0,0,0.0,Low
2025-08-15 18:10:00+00:00,SG-MAIN,TRANSFER,50,1,1,0.0,Low
2025-08-15 18:10:00+00:00,SG-MAIN,PAYMENT,63,0,0,0.0,Low
2025-08-15 18:10:00+00:00,SG-MAIN,WITHDRAWAL,38,0,0,0.0,Low
2025-08-15 18:10:00+00:00,SG-TAMP,TRANSFER,37,1,0,1363.02,Low
2025-08-15 18:10:00+00:00,SG-TAMP,PAYMENT,67,0,0,0.0,Low
2025-08-15 18:10:00+00:00,SG-TAMP,WITHDRAWAL,32,0,0,0.0,Low
2025-08-15 18:10:00+00:00,SG-ORCHARD,TRANSFER,35,5,5,0.0,Medium
2025-08-15 18:10:00+00:00,SG-ORCHARD,PAYMENT,57,1,0,1031.72,Low
2025-08-15 18:10:00+00:00,SG-ORCHARD,WITHDRAWAL,42,1,1,0.0,Low
2025-08-15 18:10:00+00:00,SG-JURONG,TRANSFER,26,0,0,0.0,Low
2025-08-15 18:10:00+00:00,SG-JURONG,PAYMENT,44,0,0,0.0,Low
2025-08-15 18:10:00+00:00,SG-JURONG,WITHDRAWAL,31,0,0,0.0,Low
2025-08-15 18:10:00+00:00,SG-WOODLANDS,TRANSFER,33,2,2,0.0,Low
2025-08-15 18:10:00+00:00,SG-WOODLANDS,PAYMENT,40,1,1,0.0,Low
2025-08-15 18:10:00+00:00,SG-WOODLANDS,WITHDRAWAL,26,0,0,0.0,Low
2025-08-15 18:20:00+00:00,SG-MAIN,TRANSFER,55,1,1,0.0,Low
2025-08-15 18:20:00+00:00,SG-MAIN,PAYMENT,72,1,1,0.0,Low
2025-08-15 18:20:00+00:00,SG-MAIN,WITHDRAWAL,34,0,0,0.0,Low
2025-08-15 18:20:00+00:00,SG-TAMP,TRANSFER,38,1,1,0.0,Low
2025-08-15 18:20:00+00:00,SG-TAMP,PAYMENT,62,0,0,0.0,Low
2025-08-15 18:20:00+00:00,SG-TAMP,WITHDRAWAL,35,1,1,0.0,Low
2025-08-15 18:20:00+00:00,SG-ORCHARD,TRANSFER,43,9,5,3836.62,High
2025-08-15 18:20:00+00:00,SG-ORCHARD,PAYMENT,65,1,1,0.0,Low
2025-08-15 18:20:00+00:00,SG-ORCHARD,WITHDRAWAL,37,0,0,0.0,Low
2025-08-15 18:20:00+00:00,SG-JURONG,TRANSFER,41,0,0,0.0,Low
2025-08-15 18:20:00+00:00,SG-JURONG,PAYMENT,65,0,0,0.0,Low
2025-08-15 18:20:00+00:00,SG-JURONG,WITHDRAWAL,44,1,1,0.0,Low
2025-08-15 18:20:00+00:00,SG-WOODLANDS,TRANSFER,32,0,0,0.0,Low
2025-08-15 18:20:00+00:00,SG-WOODLANDS,PAYMENT,51,0,0,0.0,Low
2025-08-15 18:20:00+00:00,SG-WOODLANDS,WITHDRAWAL,24,2,1,1693.24,Low
2025-08-15 18:30:00+00:00,SG-MAIN,TRANSFER,44,1,1,0.0,Low
2025-08-15 18:30:00+00:00,SG-MAIN,PAYMENT,65,0,0,0.0,Low
2025-08-15 18:30:00+00:00,SG-MAIN,WITHDRAWAL,38,3,2,392.71,Medium
2025-08-15 18:30:00+00:00,SG-TAMP,TRANSFER,27,3,1,3083.74,Medium
2025-08-15 18:30:00+00:00,SG-TAMP,PAYMENT,61,0,0,0.0,Low
2025-08-15 18:30:00+00:00,SG-TAMP,WITHDRAWAL,23,0,0,0.0,Low
2025-08-15 18:30:00+00:00,SG-ORCHARD,TRANSFER,47,5,4,512.06,Medium
2025-08-15 18:30:00+00:00,SG-ORCHARD,PAYMENT,57,0,0,0.0,Low
2025-08-15 18:30:00+00:00,SG-ORCHARD,WITHDRAWAL,25,0,0,0.0,Low
2025-08-15 18:30:00+00:00,SG-JURONG,TRANSFER,35,0,0,0.0,Low
2025-08-15 18:30:00+00:00,SG-JURONG,PAYMENT,57,1,1,0.0,Low
2025-08-15 18:30:00+00:00,SG-JURONG,WITHDRAWAL,30,0,0,0.0,Low
2025-08-15 18:30:00+00:00,SG-WOODLANDS,TRANSFER,36,0,0,0.0,Low
2025-08-15 18:30:00+00:00,SG-WOODLANDS,PAYMENT,54,0,0,0.0,Low
2025-08-15 18:30:00+00:00,SG-WOODLANDS,WITHDRAWAL,32,1,0,1727.83,Low
2025-08-15 18:40:00+00:00,SG-MAIN,TRANSFER,42,1,1,0.0,Low
2025-08-15 18:40:00+00:00,SG-MAIN,PAYMENT,64,0,0,0.0,Low
2025-08-15 18:40:00+00:00,SG-MAIN,WITHDRAWAL,30,0,0,0.0,Low
2025-08-15 18:40:00+00:00,SG-TAMP,TRANSFER,51,1,0,724.89,Low
2025-08-15 18:40:00+00:00,SG-TAMP,PAYMENT,56,0,0,0.0,Low
2025-08-15 18:40:00+00:00,SG-TAMP,WITHDRAWAL,32,1,0,1778.73,Low
2025-08-15 18:40:00+00:00,SG-ORCHARD,TRANSFER,40,7,5,2742.54,High
2025-08-15 18:40:00+00:00,SG-ORCHARD,PAYMENT,71,1,1,0.0,Low
2025-08-15 18:40:00+00:00,SG-ORCHARD,WITHDRAWAL,37,1,1,0.0,Low
2025-08-15 18:40:00+00:00,SG-JURONG,TRANSFER,37,0,0,0.0,Low
2025-08-15 18:40:00+00:00,SG-JURONG,PAYMENT,47,0,0,0.0,Low
2025-08-15 18:40:00+00:00,SG-JURONG,WITHDRAWAL,34,1,0,1066.63,Low
2025-08-15 18:40:00+00:00,SG-WOODLANDS,TRANSFER,24,1,1,0.0,Low
2025-08-15 18:40:00+00:00,SG-WOODLANDS,PAYMENT,51,0,0,0.0,Low
2025-08-15 18:40:00+00:00,SG-WOODLANDS,WITHDRAWAL,34,1,1,0.0,Low
2025-08-15 18:50:00+00:00,SG-MAIN,TRANSFER,52,4,4,0.0,Medium
2025-08-15 18:50:00+00:00,SG-MAIN,PAYMENT,63,0,0,0.0,Low
2025-08-15 18:50:00+00:00,SG-MAIN,WITHDRAWAL,31,0,0,0.0,Low
2025-08-15 18:50:00+00:00,SG-TAMP,TRANSFER,49,0,0,0.0,Low
2025-08-15 18:50:00+00:00,SG-TAMP,PAYMENT,56,0,0,0.0,Low
2025-08-15 18:50:00+00:00,SG-TAMP,WITHDRAWAL,33,0,0,0.0,Low
2025-08-15 18:50:00+00:00,SG-ORCHARD,TRANSFER,44,9,7,2255.97,High
2025-08-15 18:50:00+00:00,SG-ORCHARD,PAYMENT,60,1,1,0.0,Low
2025-08-15 18:50:00+00:00,SG-ORCHARD,WITHDRAWAL,40,3,1,1988.65,Medium
2025-08-15 18:50:00+00:00,SG-JURONG,TRANSFER,33,1,1,0.0,Low
2025-08-15 18:50:00+00:00,SG-JURONG,PAYMENT,42,1,1,0.0,Low
2025-08-15 18:50:00+00:00,SG-JURONG,WITHDRAWAL,34,1,0,1368.49,Low
2025-08-15 18:50:00+00:00,SG-WOODLANDS,TRANSFER,44,1,0,883.5,Low
2025-08-15 18:50:00+00:00,SG-WOODLANDS,PAYMENT,56,0,0,0.0,Low
2025-08-15 18:50:00+00:00,SG-WOODLANDS,WITHDRAWAL,29,2,2,0.0,Low
2025-08-15 19:00:00+00:00,SG-MAIN,TRANSFER,46,4,3,165.84,Medium
2025-08-15 19:00:00+00:00,SG-MAIN,PAYMENT,56,0,0,0.0,Low
2025-08-15 19:00:00+00:00,SG-MAIN,WITHDRAWAL,35,0,0,0.0,Low
2025-08-15 19:00:00+00:00,SG-TAMP,TRANSFER,40,0,0,0.0,Low
2025-08-15 19:00:00+00:00,SG-TAMP,PAYMENT,48,0,0,0.0,Low
2025-08-15 19:00:00+00:00,SG-TAMP,WITHDRAWAL,25,0,0,0.0,Low
2025-08-15 19:00:00+00:00,SG-ORCHARD,TRANSFER,53,1,1,0.0,Low
2025-08-15 19:00:00+00:00,SG-ORCHARD,PAYMENT,78,0,0,0.0,Low
2025-08-15 19:00:00+00:00,SG-ORCHARD,WITHDRAWAL,34,3,3,0.0,Medium
2025-08-15 19:00:00+00:00,SG-JURONG,TRANSFER,34,0,0,0.0,Low
2025-08-15 19:00:00+00:00,SG-JURONG,PAYMENT,49,0,0,0.0,Low
2025-08-15 19:00:00+00:00,SG-JURONG,WITHDRAWAL,31,0,0,0.0,Low
2025-08-15 19:00:00+00:00,SG-WOODLANDS,TRANSFER,23,1,1,0.0,Low
2025-08-15 19:00:00+00:00,SG-WOODLANDS,PAYMENT,64,1,1,0.0,Low
2025-08-15 19:00:00+00:00,SG-WOODLANDS,WITHDRAWAL,23,0,0,0.0,Low
2025-08-15 19:10:00+00:00,SG-MAIN,TRANSFER,48,0,0,0.0,Low
2025-08-15 19:10:00+00:00,SG-MAIN,PAYMENT,67,0,0,0.0,Low
2025-08-15 19:10:00+00:00,SG-MAIN,WITHDRAWAL,36,1,1,0.0,Low
2025-08-15 19:10:00+00:00,SG-TAMP,TRANSFER,31,0,0,0.0,Low
2025-08-15 19:10:00+00:00,SG-TAMP,PAYMENT,55,1,1,0.0,Low
2025-08-15 19:10:00+00:00,SG-TAMP,WITHDRAWAL,27,0,0,0.0,Low
2025-08-15 19:10:00+00:00,SG-ORCHARD,TRANSFER,35,1,1,0.0,Low
2025-08-15 19:10:00+00:00,SG-ORCHARD,PAYMENT,59,0,0,0.0,Low
2025-08-15 19:10:00+00:00,SG-ORCHARD,WITHDRAWAL,35,0,0,0.0,Low
2025-08-15 19:10:00+00:00,SG-JURONG,TRANSFER,39,2,1,762.95,Low
2025-08-15 19:10:00+00:00,SG-JURONG,PAYMENT,55,0,0,0.0,Low
2025-08-15 19:10:00+00:00,SG-JURONG,WITHDRAWAL,28,2,1,608.61,Low
2025-08-15 19:10:00+00:00,SG-WOODLANDS,TRANSFER,33,0,0,0.0,Low
2025-08-15 19:10:00+00:00,SG-WOODLANDS,PAYMENT,47,0,0,0.0,Low
2025-08-15 19:10:00+00:00,SG-WOODLANDS,WITHDRAWAL,27,0,0,0.0,Low
2025-08-15 19:20:00+00:00,SG-MAIN,TRANSFER,33,1,1,0.0,Low
2025-08-15 19:20:00+00:00,SG-MAIN,PAYMENT,56,1,1,0.0,Low
2025-08-15 19:20:00+00:00,SG-MAIN,WITHDRAWAL,41,0,0,0.0,Low
2025-08-15 19:20:00+00:00,SG-TAMP,TRANSFER,42,1,1,0.0,Low
2025-08-15 19:20:00+00:00,SG-TAMP,PAYMENT,54,1,0,1723.6,Low
2025-08-15 19:20:00+00:00,SG-TAMP,WITHDRAWAL,25,0,0,0.0,Low
2025-08-15 19:20:00+00:00,SG-ORCHARD,TRANSFER,39,2,0,2147.39,Low
2025-08-15 19:20:00+00:00,SG-ORCHARD,PAYMENT,49,0,0,0.0,Low
2025-08-15 19:20:00+00:00,SG-ORCHARD,WITHDRAWAL,33,1,1,0.0,Low
2025-08-15 19:20:00+00:00,SG-JURONG,TRANSFER,33,0,0,0.0,Low
2025-08-15 19:20:00+00:00,SG-JURONG,PAYMENT,46,0,0,0.0,Low
2025-08-15 19:20:00+00:00,SG-JURONG,WITHDRAWAL,32,0,0,0.0,Low
2025-08-15 19:20:00+00:00,SG-WOODLANDS,TRANSFER,32,0,0,0.0,Low
2025-08-15 19:20:00+00:00,SG-WOODLANDS,PAYMENT,39,0,0,0.0,Low
2025-08-15 19:20:00+00:00,SG-WOODLANDS,WITHDRAWAL,24,0,0,0.0,Low
2025-08-15 19:30:00+00:00,SG-MAIN,TRANSFER,44,1,1,0.0,Low
2025-08-15 19:30:00+00:00,SG-MAIN,PAYMENT,59,1,1,0.0,Low
2025-08-15 19:30:00+00:00,SG-MAIN,WITHDRAWAL,27,0,0,0.0,Low
2025-08-15 19:30:00+00:00,SG-TAMP,TRANSFER,42,1,0,234.68,Low
2025-08-15 19:30:00+00:00,SG-TAMP,PAYMENT,56,0,0,0.0,Low
2025-08-15 19:30:00+00:00,SG-TAMP,WITHDRAWAL,25,0,0,0.0,Low
2025-08-15 19:30:00+00:00,SG-ORCHARD,TRANSFER,40,2,2,0.0,Low
2025-08-15 19:30:00+00:00,SG-ORCHARD,PAYMENT,51,0,0,0.0,Low
2025-08-15 19:30:00+00:00,SG-ORCHARD,WITHDRAWAL,30,1,1,0.0,Low
2025-08-15 19:30:00+00:00,SG-JURONG,TRANSFER,37,2,1,607.02,Low
2025-08-15 19:30:00+00:00,SG-JURONG,PAYMENT,54,0,0,0.0,Low
2025-08-15 19:30:00+00:00,SG-JURONG,WITHDRAWAL,23,0,0,0.0,Low
2025-08-15 19:30:00+00:00,SG-WOODLANDS,TRANSFER,34,2,1,1023.35,Low
2025-08-15 19:30:00+00:00,SG-WOODLANDS,PAYMENT,31,1,1,0.0,Low
2025-08-15 19:30:00+00:00,SG-WOODLANDS,WITHDRAWAL,33,0,0,0.0,Low
2025-08-15 19:40:00+00:00,SG-MAIN,TRANSFER,41,1,1,0.0,Low
2025-08-15 19:40:00+00:00,SG-MAIN,PAYMENT,69,2,1,155.35,Low
2025-08-15 19:40:00+00:00,SG-MAIN,WITHDRAWAL,28,1,1,0.0,Low
2025-08-15 19:40:00+00:00,SG-TAMP,TRANSFER,39,1,1,0.0,Low
2025-08-15 19:40:00+00:00,SG-TAMP,PAYMENT,39,0,0,0.0,Low
2025-08-15 19:40:00+00:00,SG-TAMP,WITHDRAWAL,35,0,0,0.0,Low
2025-08-15 19:40:00+00:00,SG-ORCHARD,TRANSFER,33,0,0,0.0,Low
2025-08-15 19:40:00+00:00,SG-ORCHARD,PAYMENT,63,1,0,1274.25,Low
2025-08-15 19:40:00+00:00,SG-ORCHARD,WITHDRAWAL,35,1,0,921.57,Low
2025-08-15 19:40:00+00:00,SG-JURONG,TRANSFER,35,0,0,0.0,Low
2025-08-15 19:40:00+00:00,SG-JURONG,PAYMENT,55,0,0,0.0,Low
2025-08-15 19:40:00+00:00,SG-JURONG,WITHDRAWAL,27,0,0,0.0,Low
2025-08-15 19:40:00+00:00,SG-WOODLANDS,TRANSFER,35,0,0,0.0,Low
2025-08-15 19:40:00+00:00,SG-WOODLANDS,PAYMENT,45,0,0,0.0,Low
2025-08-15 19:40:00+00:00,SG-WOODLANDS,WITHDRAWAL,36,0,0,0.0,Low
2025-08-15 19:50:00+00:00,SG-MAIN,TRANSFER,35,0,0,0.0,Low
2025-08-15 19:50:00+00:00,SG-MAIN,PAYMENT,66,1,1,0.0,Low
2025-08-15 19:50:00+00:00,SG-MAIN,WITHDRAWAL,41,0,0,0.0,Low
2025-08-15 19:50:00+00:00,SG-TAMP,TRANSFER,37,2,2,0.0,Low
2025-08-15 19:50:00+00:00,SG-TAMP,PAYMENT,47,0,0,0.0,Low
2025-08-15 19:50:00+00:00,SG-TAMP,WITHDRAWAL,29,0,0,0.0,Low
2025-08-15 19:50:00+00:00,SG-ORCHARD,TRANSFER,22,2,1,941.45,Low
2025-08-15 19:50:00+00:00,SG-ORCHARD,PAYMENT,52,0,0,0.0,Low
2025-08-15 19:50:00+00:00,SG-ORCHARD,WITHDRAWAL,28,0,0,0.0,Low
2025-08-15 19:50:00+00:00,SG-JURONG,TRANSFER,40,0,0,0.0,Low
2025-08-15 19:50:00+00:00,SG-JURONG,PAYMENT,40,1,0,621.0,Low
2025-08-15 19:50:00+00:00,SG-JURONG,WITHDRAWAL,34,1,1,0.0,Low
2025-08-15 19:50:00+00:00,SG-WOODLANDS,TRANSFER,25,2,2,0.0,Low
2025-08-15 19:50:00+00:00,SG-WOODLANDS,PAYMENT,42,0,0,0.0,Low
2025-08-15 19:50:00+00:00,SG-WOODLANDS,WITHDRAWAL,37,0,0,0.0,Low
2025-08-15 20:00:00+00:00,SG-MAIN,TRANSFER,45,0,0,0.0,Low
2025-08-15 20:00:00+00:00,SG-MAIN,PAYMENT,50,0,0,0.0,Low
2025-08-15 20:00:00+00:00,SG-MAIN,WITHDRAWAL,36,2,2,0.0,Low
2025-08-15 20:00:00+00:00,SG-TAMP,TRANSFER,41,0,0,0.0,Low
2025-08-15 20:00:00+00:00,SG-TAMP,PAYMENT,46,0,0,0.0,Low
2025-08-15 20:00:00+00:00,SG-TAMP,WITHDRAWAL,30,0,0,0.0,Low
2025-08-15 20:00:00+00:00,SG-ORCHARD,TRANSFER,43,0,0,0.0,Low
2025-08-15 20:00:00+00:00,SG-ORCHARD,PAYMENT,56,1,1,0.0,Low
2025-08-15 20:00:00+00:00,SG-ORCHARD,WITHDRAWAL,39,0,0,0.0,Low
2025-08-15 20:00:00+00:00,SG-JURONG,TRANSFER,25,0,0,0.0,Low
2025-08-15 20:00:00+00:00,SG-JURONG,PAYMENT,47,0,0,0.0,Low
2025-08-15 20:00:00+00:00,SG-JURONG,WITHDRAWAL,29,1,1,0.0,Low
2025-08-15 20:00:00+00:00,SG-WOODLANDS,TRANSFER,36,0,0,0.0,Low
2025-08-15 20:00:00+00:00,SG-WOODLANDS,PAYMENT,44,0,0,0.0,Low
2025-08-15 20:00:00+00:00,SG-WOODLANDS,WITHDRAWAL,22,1,0,1319.43,Low
2025-08-15 20:10:00+00:00,SG-MAIN,TRANSFER,31,1,1,0.0,Low
2025-08-15 20:10:00+00:00,SG-MAIN,PAYMENT,52,0,0,0.0,Low
2025-08-15 20:10:00+00:00,SG-MAIN,WITHDRAWAL,27,0,0,0.0,Low
2025-08-15 20:10:00+00:00,SG-TAMP,TRANSFER,36,2,2,0.0,Low
2025-08-15 20:10:00+00:00,SG-TAMP,PAYMENT,53,0,0,0.0,Low
2025-08-15 20:10:00+00:00,SG-TAMP,WITHDRAWAL,41,0,0,0.0,Low
2025-08-15 20:10:00+00:00,SG-ORCHARD,TRANSFER,31,1,1,0.0,Low
2025-08-15 20:10:00+00:00,SG-ORCHARD,PAYMENT,61,0,0,0.0,Low
2025-08-15 20:10:00+00:00,SG-ORCHARD,WITHDRAWAL,29,0,0,0.0,Low
2025-08-15 20:10:00+00:00,SG-JURONG,TRANSFER,29,2,2,0.0,Low
2025-08-15 20:10:00+00:00,SG-JURONG,PAYMENT,59,1,1,0.0,Low
2025-08-15 20:10:00+00:00,SG-JURONG,WITHDRAWAL,32,0,0,0.0,Low
2025-08-15 20:10:00+00:00,SG-WOODLANDS,TRANSFER,25,2,0,1702.2,Low
2025-08-15 20:10:00+00:00,SG-WOODLANDS,PAYMENT,55,0,0,0.0,Low
2025-08-15 20:10:00+00:00,SG-WOODLANDS,WITHDRAWAL,26,0,0,0.0,Low
2025-08-15 20:20:00+00:00,SG-MAIN,TRANSFER,38,0,0,0.0,Low
2025-08-15 20:20:00+00:00,SG-MAIN,PAYMENT,53,1,0,1545.1,Low
2025-08-15 20:20:00+00:00,SG-MAIN,WITHDRAWAL,33,1,1,0.0,Low
2025-08-15 20:20:00+00:00,SG-TAMP,TRANSFER,23,1,1,0.0,Low
2025-08-15 20:20:00+00:00,SG-TAMP,PAYMENT,58,0,0,0.0,Low
2025-08-15 20:20:00+00:00,SG-TAMP,WITHDRAWAL,26,0,0,0.0,Low
2025-08-15 20:20:00+00:00,SG-ORCHARD,TRANSFER,31,2,1,763.34,Low
2025-08-15 20:20:00+00:00,SG-ORCHARD,PAYMENT,45,0,0,0.0,Low
2025-08-15 20:20:00+00:00,SG-ORCHARD,WITHDRAWAL,29,0,0,0.0,Low
2025-08-15 20:20:00+00:00,SG-JURONG,TRANSFER,48,2,2,0.0,Low
2025-08-15 20:20:00+00:00,SG-JURONG,PAYMENT,42,0,0,0.0,Low
2025-08-15 20:20:00+00:00,SG-JURONG,WITHDRAWAL,28,0,0,0.0,Low
2025-08-15 20:20:00+00:00,SG-WOODLANDS,TRANSFER,19,0,0,0.0,Low
2025-08-15 20:20:00+00:00,SG-WOODLANDS,PAYMENT,53,0,0,0.0,Low
2025-08-15 20:20:00+00:00,SG-WOODLANDS,WITHDRAWAL,21,1,1,0.0,Low
2025-08-15 20:30:00+00:00,SG-MAIN,TRANSFER,34,2,1,612.5,Low
2025-08-15 20:30:00+00:00,SG-MAIN,PAYMENT,43,0,0,0.0,Low
2025-08-15 20:30:00+00:00,SG-MAIN,WITHDRAWAL,39,1,0,1760.81,Low
2025-08-15 20:30:00+00:00,SG-TAMP,TRANSFER,24,0,0,0.0,Low
2025-08-15 20:30:00+00:00,SG-TAMP,PAYMENT,26,0,0,0.0,Low
2025-08-15 20:30:00+00:00,SG-TAMP,WITHDRAWAL,24,0,0,0.0,Low
2025-08-15 20:30:00+00:00,SG-ORCHARD,TRANSFER,43,1,1,0.0,Low
2025-08-15 20:30:00+00:00,SG-ORCHARD,PAYMENT,51,2,1,1482.79,Low
2025-08-15 20:30:00+00:00,SG-ORCHARD,WITHDRAWAL,32,0,0,0.0,Low
2025-08-15 20:30:00+00:00,SG-JURONG,TRANSFER,36,1,0,1774.0,Low
2025-08-15 20:30:00+00:00,SG-JURONG,PAYMENT,46,1,0,1428.06,Low
2025-08-15 20:30:00+00:00,SG-JURONG,WITHDRAWAL,17,1,0,1366.95,Low
2025-08-15 20:30:00+00:00,SG-WOODLANDS,TRANSFER,34,0,0,0.0,Low
2025-08-15 20:30:00+00:00,SG-WOODLANDS,PAYMENT,50,1,0,1538.85,Low
2025-08-15 20:30:00+00:00,SG-WOODLANDS,WITHDRAWAL,23,0,0,0.0,Low
2025-08-15 20:40:00+00:00,SG-MAIN,TRANSFER,30,0,0,0.0,Low
2025-08-15 20:40:00+00:00,SG-MAIN,PAYMENT,53,1,1,0.0,Low
2025-08-15 20:40:00+00:00,SG-MAIN,WITHDRAWAL,23,0,0,0.0,Low
2025-08-15 20:40:00+00:00,SG-TAMP,TRANSFER,47,1,1,0.0,Low
2025-08-15 20:40:00+00:00,SG-TAMP,PAYMENT,60,1,1,0.0,Low
2025-08-15 20:40:00+00:00,SG-TAMP,WITHDRAWAL,24,0,0,0.0,Low
2025-08-15 20:40:00+00:00,SG-ORCHARD,TRANSFER,33,2,2,0.0,Low
2025-08-15 20:40:00+00:00,SG-ORCHARD,PAYMENT,52,0,0,0.0,Low
2025-08-15 20:40:00+00:00,SG-ORCHARD,WITHDRAWAL,35,1,1,0.0,Low
2025-08-15 20:40:00+00:00,SG-JURONG,TRANSFER,43,1,0,738.0,Low
2025-08-15 20:40:00+00:00,SG-JURONG,PAYMENT,48,2,2,0.0,Low
2025-08-15 20:40:00+00:00,SG-JURONG,WITHDRAWAL,37,0,0,0.0,Low
2025-08-15 20:40:00+00:00,SG-WOODLANDS,TRANSFER,31,3,1,3549.31,Medium
2025-08-15 20:40:00+00:00,SG-WOODLANDS,PAYMENT,47,1,1,0.0,Low
2025-08-15 20:40:00+00:00,SG-WOODLANDS,WITHDRAWAL,31,1,1,0.0,Low
2025-08-15 20:50:00+00:00,SG-MAIN,TRANSFER,35,1,1,0.0,Low
2025-08-15 20:50:00+00:00,SG-MAIN,PAYMENT,46,0,0,0.0,Low
2025-08-15 20:50:00+00:00,SG-MAIN,WITHDRAWAL,27,0,0,0.0,Low
2025-08-15 20:50:00+00:00,SG-TAMP,TRANSFER,35,1,1,0.0,Low
2025-08-15 20:50:00+00:00,SG-TAMP,PAYMENT,51,0,0,0.0,Low
2025-08-15 20:50:00+00:00,SG-TAMP,WITHDRAWAL,22,0,0,0.0,Low
2025-08-15 20:50:00+00:00,SG-ORCHARD,TRANSFER,39,2,2,0.0,Low
2025-08-15 20:50:00+00:00,SG-ORCHARD,PAYMENT,45,0,0,0.0,Low
2025-08-15 20:50:00+00:00,SG-ORCHARD,WITHDRAWAL,31,1,1,0.0,Low
2025-08-15 20:50:00+00:00,SG-JURONG,TRANSFER,20,1,1,0.0,Low
2025-08-15 20:50:00+00:00,SG-JURONG,PAYMENT,36,0,0,0.0,Low
2025-08-15 20:50:00+00:00,SG-JURONG,WITHDRAWAL,20,0,0,0.0,Low
2025-08-15 20:50:00+00:00,SG-WOODLANDS,TRANSFER,28,1,1,0.0,Low
2025-08-15 20:50:00+00:00,SG-WOODLANDS,PAYMENT,48,0,0,0.0,Low
2025-08-15 20:50:00+00:00,SG-WOODLANDS,WITHDRAWAL,24,0,0,0.0,Low
2025-08-15 21:00:00+00:00,SG-MAIN,TRANSFER,42,1,1,0.0,Low
2025-08-15 21:00:00+00:00,SG-MAIN,PAYMENT,47,1,1,0.0,Low
2025-08-15 21:00:00+00:00,SG-MAIN,WITHDRAWAL,29,0,0,0.0,Low
2025-08-15 21:00:00+00:00,SG-TAMP,TRANSFER,35,2,2,0.0,Low
2025-08-15 21:00:00+00:00,SG-TAMP,PAYMENT,43,0,0,0.0,Low
2025-08-15 21:00:00+00:00,SG-TAMP,WITHDRAWAL,31,2,1,207.72,Low
2025-08-15 21:00:00+00:00,SG-ORCHARD,TRANSFER,27,3,2,838.38,Medium
2025-08-15 21:00:00+00:00,SG-ORCHARD,PAYMENT,44,0,0,0.0,Low
2025-08-15 21:00:00+00:00,SG-ORCHARD,WITHDRAWAL,33,0,0,0.0,Low
2025-08-15 21:00:00+00:00,SG-JURONG,TRANSFER,32,0,0,0.0,Low
2025-08-15 21:00:00+00:00,SG-JURONG,PAYMENT,53,0,0,0.0,Low
2025-08-15 21:00:00+00:00,SG-JURONG,WITHDRAWAL,30,0,0,0.0,Low
2025-08-15 21:00:00+00:00,SG-WOODLANDS,TRANSFER,29,1,1,0.0,Low
2025-08-15 21:00:00+00:00,SG-WOODLANDS,PAYMENT,51,0,0,0.0,Low
2025-08-15 21:00:00+00:00,SG-WOODLANDS,WITHDRAWAL,20,0,0,0.0,Low
2025-08-15 21:10:00+00:00,SG-MAIN,TRANSFER,36,1,0,690.23,Low
2025-08-15 21:10:00+00:00,SG-MAIN,PAYMENT,67,0,0,0.0,Low
2025-08-15 21:10:00+00:00,SG-MAIN,WITHDRAWAL,31,0,0,0.0,Low
2025-08-15 21:10:00+00:00,SG-TAMP,TRANSFER,34,1,1,0.0,Low
2025-08-15 21:10:00+00:00,SG-TAMP,PAYMENT,50,0,0,0.0,Low
2025-08-15 21:10:00+00:00,SG-TAMP,WITHDRAWAL,22,0,0,0.0,Low
2025-08-15 21:10:00+00:00,SG-ORCHARD,TRANSFER,42,4,3,271.4,Medium
2025-08-15 21:10:00+00:00,SG-ORCHARD,PAYMENT,55,0,0,0.0,Low
2025-08-15 21:10:00+00:00,SG-ORCHARD,WITHDRAWAL,25,1,1,0.0,Low
2025-08-15 21:10:00+00:00,SG-JURONG,TRANSFER,39,0,0,0.0,Low
2025-08-15 21:10:00+00:00,SG-JURONG,PAYMENT,46,0,0,0.0,Low
2025-08-15 21:10:00+00:00,SG-JURONG,WITHDRAWAL,26,0,0,0.0,Low
2025-08-15 21:10:00+00:00,SG-WOODLANDS,TRANSFER,33,2,1,932.19,Low
2025-08-15 21:10:00+00:00,SG-WOODLANDS,PAYMENT,37,0,0,0.0,Low
2025-08-15 21:10:00+00:00,SG-WOODLANDS,WITHDRAWAL,28,0,0,0.0,Low
2025-08-15 21:20:00+00:00,SG-MAIN,TRANSFER,28,1,1,0.0,Low
2025-08-15 21:20:00+00:00,SG-MAIN,PAYMENT,53,0,0,0.0,Low
2025-08-15 21:20:00+00:00,SG-MAIN,WITHDRAWAL,17,0,0,0.0,Low
2025-08-15 21:20:00+00:00,SG-TAMP,TRANSFER,34,1,0,1750.47,Low
2025-08-15 21:20:00+00:00,SG-TAMP,PAYMENT,61,0,0,0.0,Low
2025-08-15 21:20:00+00:00,SG-TAMP,WITHDRAWAL,24,0,0,0.0,Low
2025-08-15 21:20:00+00:00,SG-ORCHARD,TRANSFER,33,0,0,0.0,Low
2025-08-15 21:20:00+00:00,SG-ORCHARD,PAYMENT,55,1,0,293.27,Low
2025-08-15 21:20:00+00:00,SG-ORCHARD,WITHDRAWAL,23,1,1,0.0,Low
2025-08-15 21:20:00+00:00,SG-JURONG,TRANSFER,28,1,0,1233.32,Low
2025-08-15 21:20:00+00:00,SG-JURONG,PAYMENT,60,0,0,0.0,Low
2025-08-15 21:20:00+00:00,SG-JURONG,WITHDRAWAL,31,0,0,0.0,Low
2025-08-15 21:20:00+00:00,SG-WOODLANDS,TRANSFER,28,2,0,1812.15,Low
2025-08-15 21:20:00+00:00,SG-WOODLANDS,PAYMENT,54,1,1,0.0,Low
2025-08-15 21:20:00+00:00,SG-WOODLANDS,WITHDRAWAL,30,1,1,0.0,Low
2025-08-15 21:30:00+00:00,SG-MAIN,TRANSFER,30,0,0,0.0,Low
2025-08-15 21:30:00+00:00,SG-MAIN,PAYMENT,55,0,0,0.0,Low
2025-08-15 21:30:00+00:00,SG-MAIN,WITHDRAWAL,20,0,0,0.0,Low
2025-08-15 21:30:00+00:00,SG-TAMP,TRANSFER,29,0,0,0.0,Low
2025-08-15 21:30:00+00:00,SG-TAMP,PAYMENT,40,0,0,0.0,Low
2025-08-15 21:30:00+00:00,SG-TAMP,WITHDRAWAL,25,0,0,0.0,Low
2025-08-15 21:30:00+00:00,SG-ORCHARD,TRANSFER,37,3,2,602.1,Medium
2025-08-15 21:30:00+00:00,SG-ORCHARD,PAYMENT,61,1,0,218.35,Low
2025-08-15 21:30:00+00:00,SG-ORCHARD,WITHDRAWAL,35,0,0,0.0,Low
2025-08-15 21:30:00+00:00,SG-JURONG,TRANSFER,27,2,2,0.0,Low
2025-08-15 21:30:00+00:00,SG-JURONG,PAYMENT,39,0,0,0.0,Low
2025-08-15 21:30:00+00:00,SG-JURONG,WITHDRAWAL,20,0,0,0.0,Low
2025-08-15 21:30:00+00:00,SG-WOODLANDS,TRANSFER,36,0,0,0.0,Low
2025-08-15 21:30:00+00:00,SG-WOODLANDS,PAYMENT,44,0,0,0.0,Low
2025-08-15 21:30:00+00:00,SG-WOODLANDS,WITHDRAWAL,23,1,0,1754.36,Low
2025-08-15 21:40:00+00:00,SG-MAIN,TRANSFER,41,3,1,2799.33,Medium
2025-08-15 21:40:00+00:00,SG-MAIN,PAYMENT,52,0,0,0.0,Low
2025-08-15 21:40:00+00:00,SG-MAIN,WITHDRAWAL,36,0,0,0.0,Low
2025-08-15 21:40:00+00:00,SG-TAMP,TRANSFER,25,0,0,0.0,Low
2025-08-15 21:40:00+00:00,SG-TAMP,PAYMENT,61,1,1,0.0,Low
2025-08-15 21:40:00+00:00,SG-TAMP,WITHDRAWAL,30,1,0,1107.68,Low
2025-08-15 21:40:00+00:00,SG-ORCHARD,TRANSFER,38,0,0,0.0,Low
2025-08-15 21:40:00+00:00,SG-ORCHARD,PAYMENT,44,1,1,0.0,Low
2025-08-15 21:40:00+00:00,SG-ORCHARD,WITHDRAWAL,31,0,0,0.0,Low
2025-08-15 21:40:00+00:00,SG-JURONG,TRANSFER,43,0,0,0.0,Low
2025-08-15 21:40:00+00:00,SG-JURONG,PAYMENT,43,1,0,1114.12,Low
2025-08-15 21:40:00+00:00,SG-JURONG,WITHDRAWAL,27,0,0,0.0,Low
2025-08-15 21:40:00+00:00,SG-WOODLANDS,TRANSFER,26,1,1,0.0,Low
2025-08-15 21:40:00+00:00,SG-WOODLANDS,PAYMENT,41,1,1,0.0,Low
2025-08-15 21:40:00+00:00,SG-WOODLANDS,WITHDRAWAL,23,0,0,0.0,Low
2025-08-15 21:50:00+00:00,SG-MAIN,TRANSFER,47,2,0,2326.22,Low
2025-08-15 21:50:00+00:00,SG-MAIN,PAYMENT,48,1,1,0.0,Low
2025-08-15 21:50:00+00:00,SG-MAIN,WITHDRAWAL,40,1,1,0.0,Low
2025-08-15 21:50:00+00:00,SG-TAMP,TRANSFER,35,1,0,1698.13,Low
2025-08-15 21:50:00+00:00,SG-TAMP,PAYMENT,38,0,0,0.0,Low
2025-08-15 21:50:00+00:00,SG-TAMP,WITHDRAWAL,25,0,0,0.0,Low
2025-08-15 21:50:00+00:00,SG-ORCHARD,TRANSFER,35,0,0,0.0,Low
2025-08-15 21:50:00+00:00,SG-ORCHARD,PAYMENT,43,0,0,0.0,Low
2025-08-15 21:50:00+00:00,SG-ORCHARD,WITHDRAWAL,30,1,0,410.62,Low
2025-08-15 21:50:00+00:00,SG-JURONG,TRANSFER,30,0,0,0.0,Low
2025-08-15 21:50:00+00:00,SG-JURONG,PAYMENT,31,2,2,0.0,Low
2025-08-15 21:50:00+00:00,SG-JURONG,WITHDRAWAL,32,0,0,0.0,Low
2025-08-15 21:50:00+00:00,SG-WOODLANDS,TRANSFER,28,0,0,0.0,Low
2025-08-15 21:50:00+00:00,SG-WOODLANDS,PAYMENT,34,0,0,0.0,Low
2025-08-15 21:50:00+00:00,SG-WOODLANDS,WITHDRAWAL,27,0,0,0.0,Low
2025-08-15 22:00:00+00:00,SG-MAIN,TRANSFER,42,1,1,0.0,Low
2025-08-15 22:00:00+00:00,SG-MAIN,PAYMENT,45,1,1,0.0,Low
2025-08-15 22:00:00+00:00,SG-MAIN,WITHDRAWAL,40,0,0,0.0,Low
2025-08-15 22:00:00+00:00,SG-TAMP,TRANSFER,30,0,0,0.0,Low
2025-08-15 22:00:00+00:00,SG-TAMP,PAYMENT,47,0,0,0.0,Low
2025-08-15 22:00:00+00:00,SG-TAMP,WITHDRAWAL,37,0,0,0.0,Low
2025-08-15 22:00:00+00:00,SG-ORCHARD,TRANSFER,38,1,1,0.0,Low
2025-08-15 22:00:00+00:00,SG-ORCHARD,PAYMENT,60,1,1,0.0,Low
2025-08-15 22:00:00+00:00,SG-ORCHARD,WITHDRAWAL,27,0,0,0.0,Low
2025-08-15 22:00:00+00:00,SG-JURONG,TRANSFER,35,0,0,0.0,Low
2025-08-15 22:00:00+00:00,SG-JURONG,PAYMENT,38,0,0,0.0,Low
2025-08-15 22:00:00+00:00,SG-JURONG,WITHDRAWAL,27,0,0,0.0,Low
2025-08-15 22:00:00+00:00,SG-WOODLANDS,TRANSFER,24,0,0,0.0,Low
2025-08-15 22:00:00+00:00,SG-WOODLANDS,PAYMENT,41,0,0,0.0,Low
2025-08-15 22:00:00+00:00,SG-WOODLANDS,WITHDRAWAL,31,2,1,480.76,Low
2025-08-15 22:10:00+00:00,SG-MAIN,TRANSFER,30,0,0,0.0,Low
2025-08-15 22:10:00+00:00,SG-MAIN,PAYMENT,51,0,0,0.0,Low
2025-08-15 22:10:00+00:00,SG-MAIN,WITHDRAWAL,27,1,0,460.06,Low
2025-08-15 22:10:00+00:00,SG-TAMP,TRANSFER,30,1,1,0.0,Low
2025-08-15 22:10:00+00:00,SG-TAMP,PAYMENT,46,1,1,0.0,Low
2025-08-15 22:10:00+00:00,SG-TAMP,WITHDRAWAL,27,0,0,0.0,Low
2025-08-15 22:10:00+00:00,SG-ORCHARD,TRANSFER,30,1,1,0.0,Low
2025-08-15 22:10:00+00:00,SG-ORCHARD,PAYMENT,47,0,0,0.0,Low
2025-08-15 22:10:00+00:00,SG-ORCHARD,WITHDRAWAL,27,1,1,0.0,Low
2025-08-15 22:10:00+00:00,SG-JURONG,TRANSFER,37,2,1,992.17,Low
2025-08-15 22:10:00+00:00,SG-JURONG,PAYMENT,45,0,0,0.0,Low
2025-08-15 22:10:00+00:00,SG-JURONG,WITHDRAWAL,20,2,2,0.0,Low
2025-08-15 22:10:00+00:00,SG-WOODLANDS,TRANSFER,30,0,0,0.0,Low
2025-08-15 22:10:00+00:00,SG-WOODLANDS,PAYMENT,39,0,0,0.0,Low
2025-08-15 22:10:00+00:00,SG-WOODLANDS,WITHDRAWAL,36,2,1,1139.99,Low
2025-08-15 22:20:00+00:00,SG-MAIN,TRANSFER,30,2,1,816.22,Low
2025-08-15 22:20:00+00:00,SG-MAIN,PAYMENT,57,1,1,0.0,Low
2025-08-15 22:20:00+00:00,SG-MAIN,WITHDRAWAL,38,0,0,0.0,Low
2025-08-15 22:20:00+00:00,SG-TAMP,TRANSFER,35,2,1,507.85,Low
2025-08-15 22:20:00+00:00,SG-TAMP,PAYMENT,39,0,0,0.0,Low
2025-08-15 22:20:00+00:00,SG-TAMP,WITHDRAWAL,34,2,1,1242.95,Low
2025-08-15 22:20:00+00:00,SG-ORCHARD,TRANSFER,32,3,0,2839.92,Medium
2025-08-15 22:20:00+00:00,SG-ORCHARD,PAYMENT,40,0,0,0.0,Low
2025-08-15 22:20:00+00:00,SG-ORCHARD,WITHDRAWAL,17,0,0,0.0,Low
2025-08-15 22:20:00+00:00,SG-JURONG,TRANSFER,34,1,1,0.0,Low
2025-08-15 22:20:00+00:00,SG-JURONG,PAYMENT,48,1,1,0.0,Low
2025-08-15 22:20:00+00:00,SG-JURONG,WITHDRAWAL,23,1,0,1238.74,Low
2025-08-15 22:20:00+00:00,SG-WOODLANDS,TRANSFER,23,0,0,0.0,Low
2025-08-15 22:20:00+00:00,SG-WOODLANDS,PAYMENT,40,2,1,568.41,Low
2025-08-15 22:20:00+00:00,SG-WOODLANDS,WITHDRAWAL,22,1,0,660.02,Low
2025-08-15 22:30:00+00:00,SG-MAIN,TRANSFER,34,1,1,0.0,Low
2025-08-15 22:30:00+00:00,SG-MAIN,PAYMENT,39,0,0,0.0,Low
2025-08-15 22:30:00+00:00,SG-MAIN,WITHDRAWAL,38,0,0,0.0,Low
2025-08-15 22:30:00+00:00,SG-TAMP,TRANSFER,31,1,1,0.0,Low
2025-08-15 22:30:00+00:00,SG-TAMP,PAYMENT,48,0,0,0.0,Low
2025-08-15 22:30:00+00:00,SG-TAMP,WITHDRAWAL,24,0,0,0.0,Low
2025-08-15 22:30:00+00:00,SG-ORCHARD,TRANSFER,29,1,1,0.0,Low
2025-08-15 22:30:00+00:00,SG-ORCHARD,PAYMENT,52,0,0,0.0,Low
2025-08-15 22:30:00+00:00,SG-ORCHARD,WITHDRAWAL,25,0,0,0.0,Low
2025-08-15 22:30:00+00:00,SG-JURONG,TRANSFER,25,2,1,633.79,Low
2025-08-15 22:30:00+00:00,SG-JURONG,PAYMENT,41,0,0,0.0,Low
2025-08-15 22:30:00+00:00,SG-JURONG,WITHDRAWAL,31,1,1,0.0,Low
2025-08-15 22:30:00+00:00,SG-WOODLANDS,TRANSFER,34,0,0,0.0,Low
2025-08-15 22:30:00+00:00,SG-WOODLANDS,PAYMENT,43,0,0,0.0,Low
2025-08-15 22:30:00+00:00,SG-WOODLANDS,WITHDRAWAL,19,1,1,0.0,Low
2025-08-15 22:40:00+00:00,SG-MAIN,TRANSFER,33,0,0,0.0,Low
2025-08-15 22:40:00+00:00,SG-MAIN,PAYMENT,50,0,0,0.0,Low
2025-08-15 22:40:00+00:00,SG-MAIN,WITHDRAWAL,35,1,1,0.0,Low
2025-08-15 22:40:00+00:00,SG-TAMP,TRANSFER,40,2,2,0.0,Low
2025-08-15 22:40:00+00:00,SG-TAMP,PAYMENT,45,0,0,0.0,Low
2025-08-15 22:40:00+00:00,SG-TAMP,WITHDRAWAL,19,0,0,0.0,Low
2025-08-15 22:40:00+00:00,SG-ORCHARD,TRANSFER,28,1,1,0.0,Low
2025-08-15 22:40:00+00:00,SG-ORCHARD,PAYMENT,38,0,0,0.0,Low
2025-08-15 22:40:00+00:00,SG-ORCHARD,WITHDRAWAL,21,0,0,0.0,Low
2025-08-15 22:40:00+00:00,SG-JURONG,TRANSFER,25,1,1,0.0,Low
2025-08-15 22:40:00+00:00,SG-JURONG,PAYMENT,41,0,0,0.0,Low
2025-08-15 22:40:00+00:00,SG-JURONG,WITHDRAWAL,26,0,0,0.0,Low
2025-08-15 22:40:00+00:00,SG-WOODLANDS,TRANSFER,22,2,1,841.36,Low
2025-08-15 22:40:00+00:00,SG-WOODLANDS,PAYMENT,41,0,0,0.0,Low
2025-08-15 22:40:00+00:00,SG-WOODLANDS,WITHDRAWAL,23,0,0,0.0,Low
2025-08-15 22:50:00+00:00,SG-MAIN,TRANSFER,35,2,0,2423.23,Low
2025-08-15 22:50:00+00:00,SG-MAIN,PAYMENT,41,1,0,1506.52,Low
2025-08-15 22:50:00+00:00,SG-MAIN,WITHDRAWAL,23,1,1,0.0,Low
2025-08-15 22:50:00+00:00,SG-TAMP,TRANSFER,35,1,1,0.0,Low
2025-08-15 22:50:00+00:00,SG-TAMP,PAYMENT,58,0,0,0.0,Low
2025-08-15 22:50:00+00:00,SG-TAMP,WITHDRAWAL,18,1,1,0.0,Low
2025-08-15 22:50:00+00:00,SG-ORCHARD,TRANSFER,50,2,1,513.11,Low
2025-08-15 22:50:00+00:00,SG-ORCHARD,PAYMENT,58,1,0,826.37,Low
2025-08-15 22:50:00+00:00,SG-ORCHARD,WITHDRAWAL,22,0,0,0.0,Low
2025-08-15 22:50:00+00:00,SG-JURONG,TRANSFER,27,1,1,0.0,Low
2025-08-15 22:50:00+00:00,SG-JURONG,PAYMENT,41,0,0,0.0,Low
2025-08-15 22:50:00+00:00,SG-JURONG,WITHDRAWAL,17,1,1,0.0,Low
2025-08-15 22:50:00+00:00,SG-WOODLANDS,TRANSFER,36,1,0,1221.27,Low
2025-08-15 22:50:00+00:00,SG-WOODLANDS,PAYMENT,43,0,0,0.0,Low
2025-08-15 22:50:00+00:00,SG-WOODLANDS,WITHDRAWAL,23,0,0,0.0,Low
2025-08-15 23:00:00+00:00,SG-MAIN,TRANSFER,35,1,0,819.74,Low
2025-08-15 23:00:00+00:00,SG-MAIN,PAYMENT,43,0,0,0.0,Low
2025-08-15 23:00:00+00:00,SG-MAIN,WITHDRAWAL,25,0,0,0.0,Low
2025-08-15 23:00:00+00:00,SG-TAMP,TRANSFER,25,0,0,0.0,Low
2025-08-15 23:00:00+00:00,SG-TAMP,PAYMENT,58,1,1,0.0,Low
2025-08-15 23:00:00+00:00,SG-TAMP,WITHDRAWAL,24,0,0,0.0,Low
2025-08-15 23:00:00+00:00,SG-ORCHARD,TRANSFER,34,3,2,130.24,Medium
2025-08-15 23:00:00+00:00,SG-ORCHARD,PAYMENT,40,1,1,0.0,Low
2025-08-15 23:00:00+00:00,SG-ORCHARD,WITHDRAWAL,29,2,1,603.91,Low
2025-08-15 23:00:00+00:00,SG-JURONG,TRANSFER,30,2,2,0.0,Low
2025-08-15 23:00:00+00:00,SG-JURONG,PAYMENT,43,0,0,0.0,Low
2025-08-15 23:00:00+00:00,SG-JURONG,WITHDRAWAL,25,0,0,0.0,Low
2025-08-15 23:00:00+00:00,SG-WOODLANDS,TRANSFER,27,1,0,1287.36,Low
2025-08-15 23:00:00+00:00,SG-WOODLANDS,PAYMENT,45,0,0,0.0,Low
2025-08-15 23:00:00+00:00,SG-WOODLANDS,WITHDRAWAL,11,1,0,507.53,Low
2025-08-15 23:10:00+00:00,SG-MAIN,TRANSFER,26,0,0,0.0,Low
2025-08-15 23:10:00+00:00,SG-MAIN,PAYMENT,49,0,0,0.0,Low
2025-08-15 23:10:00+00:00,SG-MAIN,WITHDRAWAL,32,1,1,0.0,Low
2025-08-15 23:10:00+00:00,SG-TAMP,TRANSFER,37,1,1,0.0,Low
2025-08-15 23:10:00+00:00,SG-TAMP,PAYMENT,48,0,0,0.0,Low
2025-08-15 23:10:00+00:00,SG-TAMP,WITHDRAWAL,32,0,0,0.0,Low
2025-08-15 23:10:00+00:00,SG-ORCHARD,TRANSFER,41,1,1,0.0,Low
2025-08-15 23:10:00+00:00,SG-ORCHARD,PAYMENT,58,1,0,1174.88,Low
2025-08-15 23:10:00+00:00,SG-ORCHARD,WITHDRAWAL,26,0,0,0.0,Low
2025-08-15 23:10:00+00:00,SG-JURONG,TRANSFER,32,1,1,0.0,Low
2025-08-15 23:10:00+00:00,SG-JURONG,PAYMENT,42,1,1,0.0,Low
2025-08-15 23:10:00+00:00,SG-JURONG,WITHDRAWAL,18,0,0,0.0,Low
2025-08-15 23:10:00+00:00,SG-WOODLANDS,TRANSFER,30,0,0,0.0,Low
2025-08-15 23:10:00+00:00,SG-WOODLANDS,PAYMENT,48,0,0,0.0,Low
2025-08-15 23:10:00+00:00,SG-WOODLANDS,WITHDRAWAL,27,0,0,0.0,Low
2025-08-15 23:20:00+00:00,SG-MAIN,TRANSFER,33,1,1,0.0,Low
2025-08-15 23:20:00+00:00,SG-MAIN,PAYMENT,52,0,0,0.0,Low
2025-08-15 23:20:00+00:00,SG-MAIN,WITHDRAWAL,32,0,0,0.0,Low
2025-08-15 23:20:00+00:00,SG-TAMP,TRANSFER,24,1,1,0.0,Low
2025-08-15 23:20:00+00:00,SG-TAMP,PAYMENT,35,0,0,0.0,Low
2025-08-15 23:20:00+00:00,SG-TAMP,WITHDRAWAL,28,1,0,1129.76,Low
2025-08-15 23:20:00+00:00,SG-ORCHARD,TRANSFER,28,0,0,0.0,Low
2025-08-15 23:20:00+00:00,SG-ORCHARD,PAYMENT,32,1,1,0.0,Low
2025-08-15 23:20:00+00:00,SG-ORCHARD,WITHDRAWAL,34,1,1,0.0,Low
2025-08-15 23:20:00+00:00,SG-JURONG,TRANSFER,32,0,0,0.0,Low
2025-08-15 23:20:00+00:00,SG-JURONG,PAYMENT,37,0,0,0.0,Low
2025-08-15 23:20:00+00:00,SG-JURONG,WITHDRAWAL,22,0,0,0.0,Low
2025-08-15 23:20:00+00:00,SG-WOODLANDS,TRANSFER,31,0,0,0.0,Low
2025-08-15 23:20:00+00:00,SG-WOODLANDS,PAYMENT,42,1,0,321.05,Low
2025-08-15 23:20:00+00:00,SG-WOODLANDS,WITHDRAWAL,21,0,0,0.0,Low
2025-08-15 23:30:00+00:00,SG-MAIN,TRANSFER,34,1,1,0.0,Low
2025-08-15 23:30:00+00:00,SG-MAIN,PAYMENT,60,1,1,0.0,Low
2025-08-15 23:30:00+00:00,SG-MAIN,WITHDRAWAL,31,1,1,0.0,Low
2025-08-15 23:30:00+00:00,SG-TAMP,TRANSFER,25,1,0,1249.42,Low
2025-08-15 23:30:00+00:00,SG-TAMP,PAYMENT,50,0,0,0.0,Low
2025-08-15 23:30:00+00:00,SG-TAMP,WITHDRAWAL,27,1,1,0.0,Low
2025-08-15 23:30:00+00:00,SG-ORCHARD,TRANSFER,26,0,0,0.0,Low
2025-08-15 23:30:00+00:00,SG-ORCHARD,PAYMENT,47,0,0,0.0,Low
2025-08-15 23:30:00+00:00,SG-ORCHARD,WITHDRAWAL,27,0,0,0.0,Low
2025-08-15 23:30:00+00:00,SG-JURONG,TRANSFER,23,0,0,0.0,Low
2025-08-15 23:30:00+00:00,SG-JURONG,PAYMENT,43,0,0,0.0,Low
2025-08-15 23:30:00+00:00,SG-JURONG,WITHDRAWAL,24,0,0,0.0,Low
2025-08-15 23:30:00+00:00,SG-WOODLANDS,TRANSFER,14,0,0,0.0,Low
2025-08-15 23:30:00+00:00,SG-WOODLANDS,PAYMENT,44,1,1,0.0,Low
2025-08-15 23:30:00+00:00,SG-WOODLANDS,WITHDRAWAL,18,0,0,0.0,Low
2025-08-15 23:40:00+00:00,SG-MAIN,TRANSFER,34,2,2,0.0,Low
2025-08-15 23:40:00+00:00,SG-MAIN,PAYMENT,60,0,0,0.0,Low
2025-08-15 23:40:00+00:00,SG-MAIN,WITHDRAWAL,21,0,0,0.0,Low
2025-08-15 23:40:00+00:00,SG-TAMP,TRANSFER,31,0,0,0.0,Low
2025-08-15 23:40:00+00:00,SG-TAMP,PAYMENT,49,0,0,0.0,Low
2025-08-15 23:40:00+00:00,SG-TAMP,WITHDRAWAL,23,0,0,0.0,Low
2025-08-15 23:40:00+00:00,SG-ORCHARD,TRANSFER,27,1,1,0.0,Low
2025-08-15 23:40:00+00:00,SG-ORCHARD,PAYMENT,51,1,1,0.0,Low
2025-08-15 23:40:00+00:00,SG-ORCHARD,WITHDRAWAL,31,1,0,350.65,Low
2025-08-15 23:40:00+00:00,SG-JURONG,TRANSFER,25,0,0,0.0,Low
2025-08-15 23:40:00+00:00,SG-JURONG,PAYMENT,39,0,0,0.0,Low
2025-08-15 23:40:00+00:00,SG-JURONG,WITHDRAWAL,17,0,0,0.0,Low
2025-08-15 23:40:00+00:00,SG-WOODLANDS,TRANSFER,26,1,0,1069.31,Low
2025-08-15 23:40:00+00:00,SG-WOODLANDS,PAYMENT,28,1,1,0.0,Low
2025-08-15 23:40:00+00:00,SG-WOODLANDS,WITHDRAWAL,27,0,0,0.0,Low
2025-08-15 23:50:00+00:00,SG-MAIN,TRANSFER,33,2,2,0.0,Low
2025-08-15 23:50:00+00:00,SG-MAIN,PAYMENT,50,2,2,0.0,Low
2025-08-15 23:50:00+00:00,SG-MAIN,WITHDRAWAL,32,1,1,0.0,Low
2025-08-15 23:50:00+00:00,SG-TAMP,TRANSFER,28,2,1,675.74,Low
2025-08-15 23:50:00+00:00,SG-TAMP,PAYMENT,49,0,0,0.0,Low
2025-08-15 23:50:00+00:00,SG-TAMP,WITHDRAWAL,25,0,0,0.0,Low
2025-08-15 23:50:00+00:00,SG-ORCHARD,TRANSFER,32,0,0,0.0,Low
2025-08-15 23:50:00+00:00,SG-ORCHARD,PAYMENT,38,1,1,0.0,Low
2025-08-15 23:50:00+00:00,SG-ORCHARD,WITHDRAWAL,39,2,1,1423.34,Low
2025-08-15 23:50:00+00:00,SG-JURONG,TRANSFER,37,0,0,0.0,Low
2025-08-15 23:50:00+00:00,SG-JURONG,PAYMENT,44,1,0,1331.85,Low
2025-08-15 23:50:00+00:00,SG-JURONG,WITHDRAWAL,36,2,2,0.0,Low
2025-08-15 23:50:00+00:00,SG-WOODLANDS,TRANSFER,29,1,1,0.0,Low
2025-08-15 23:50:00+00:00,SG-WOODLANDS,PAYMENT,29,0,0,0.0,Low
2025-08-15 23:50:00+00:00,SG-WOODLANDS,WITHDRAWAL,18,0,0,0.0,Low
